IdCategoría,IdProducto,NombreProducto,Stock,PrecioUnidad,Medida,Contador,LongHoja,DenominaciónCompleta
VIA,547 590,ITAL 3.5CM MARMOL GRIS CLARO,0,478.2627,L,184.0,0,VIA 547 590 ITAL 3.5CM MARMOL GRIS CLARO L
VIA,259 000,ART 259 TIZA 4CM,0,458.7435,L,207.0,0,VIA 259 000 ART 259 TIZA 4CM L
VIA,661 000,ART 661 TIZA 6 CM,0,780.8295,L,211.0,0,VIA 661 000 ART 661 TIZA 6 CM L
VIA,350 002,CHATA  DE  5CM  ENSAMBLADA,0,112.4544,L,295.0,0,VIA 350 002 CHATA  DE  5CM  ENSAMBLADA L
VIA,361 526,ART. 361 TERMINAC 526,0,1171.2553,L,313.0,0,VIA 361 526 ART. 361 TERMINAC 526 L
VIA,138 800,CHATA 4CM C/GARG.POL.ORO FDO ROJO MADERA,0,605.1469,L,320.0,0,VIA 138 800 CHATA 4CM C/GARG.POL.ORO FDO ROJO MADERA L
VIA,206 720,ART 206 TREMINAC.720,0,1043.0959,L,321.0,0,VIA 206 720 ART 206 TREMINAC.720 L
VIA,208 703,ART. 208 ORO VIEJO AL AGUA,0,2811.0032,L,322.0,0,VIA 208 703 ART. 208 ORO VIEJO AL AGUA L
VIA,356 122,ART 356 TERMINAC 122,0,482.9289,L,328.0,0,VIA 356 122 ART 356 TERMINAC 122 L
VIA,356 248,ART 356 TERMINAC 248,0,482.9289,L,329.0,0,VIA 356 248 ART 356 TERMINAC 248 L
VIA,356 703,ART 356 TERMINAC 703,0,810.1146,L,330.0,0,VIA 356 703 ART 356 TERMINAC 703 L
VIA,357 529,ART 357 TERMINAC 529,0,810.1146,L,331.0,0,VIA 357 529 ART 357 TERMINAC 529 L
VIA,357 532,ART 357 TERMINAC 532,0,810.1146,L,332.0,0,VIA 357 532 ART 357 TERMINAC 532 L
VIA,358 745,ART 358 TERMINAC 745,0,956.5271,L,333.0,0,VIA 358 745 ART 358 TERMINAC 745 L
VIA,359 242,ART 359 TERMINAC 242,0,566.1083,L,334.0,0,VIA 359 242 ART 359 TERMINAC 242 L
VIA,359 526,ART 359 TERMINAC 526,0,566.1083,L,335.0,0,VIA 359 526 ART 359 TERMINAC 526 L
VIA,360 745?,ART 360 TERMINAC 745?,0,841.9443,L,341.0,0,VIA 360 745? ART 360 TERMINAC 745? L
VIA,360 843,ART 360 TERMINAC 843,0,732.0324,L,343.0,0,VIA 360 843 ART 360 TERMINAC 843 L
VIA,361 539,ART 361 TERMINAC 539,0,1171.2553,L,344.0,0,VIA 361 539 ART 361 TERMINAC 539 L
VIA,361 784,ART 361 TERMINAC 784,0,1756.8774,L,345.0,0,VIA 361 784 ART 361 TERMINAC 784 L
VIA,361 840,ART 361 TERMINAC 840,0,1756.8774,L,346.0,0,VIA 361 840 ART 361 TERMINAC 840 L
VIA,361 841,ART 361 TERMINAC 841,0,1756.8774,L,347.0,0,VIA 361 841 ART 361 TERMINAC 841 L
VIA,361 842,ART 361 TERMINAC 842,0,1171.2553,L,348.0,0,VIA 361 842 ART 361 TERMINAC 842 L
VIA,362 101,ART 362 TERMINAC 101,0,585.6244,L,349.0,0,VIA 362 101 ART 362 TERMINAC 101 L
VIA,362 493,ART 362 TERMINAC 493,0,878.4413,L,350.0,0,VIA 362 493 ART 362 TERMINAC 493 L
VIA,363 232,BATEA FRANCESA 5CM COUNTRY HUESO,0,937.0027,L,351.0,0,VIA 363 232 BATEA FRANCESA 5CM COUNTRY HUESO L
VIA,364 108,ART 364 TERMINAC 108,0,1963.1227,L,353.0,0,VIA 364 108 ART 364 TERMINAC 108 L
VIA,364 782,ART 364 TERMINAC 782,0,1963.1227,L,355.0,0,VIA 364 782 ART 364 TERMINAC 782 L
VIA,371 528,ART 371 TERMINAC 528,0,1122.4461,L,356.0,0,VIA 371 528 ART 371 TERMINAC 528 L
VIA,333 977,ART. 333- DORADA -,0,458.7435,L,359.0,0,VIA 333 977 ART. 333- DORADA - L
VIA,546 001,ITALIANA 2CM MADERA,0,149.3757,L,381.0,0,VIA 546 001 ITALIANA 2CM MADERA L
VIA,548 882,"ITAL.4,5 ST",0,719.9077,L,388.0,0,"VIA 548 882 ITAL.4,5 ST L"
VIA,568 001,BOMBE BAJA DE 6 CM,0,351.3781,L,392.0,0,VIA 568 001 BOMBE BAJA DE 6 CM L
VIA,777 001,ART . 777 MADERA,0,1307.896,L,398.0,0,VIA 777 001 ART . 777 MADERA L
VIA,845 209,T 85 X 51 CUELLO CISNE FRIS.,0,4450.7547,L,403.0,0,VIA 845 209 T 85 X 51 CUELLO CISNE FRIS. L
VIA,849 013,ART. 849,0,4677.33,L,406.0,0,VIA 849 013 ART. 849 L
VIA,850 210,ART. 850,0,1024.8433,L,407.0,0,VIA 850 210 ART. 850 L
VIA,852 210,ART. 852,0,1434.7819,L,408.0,0,VIA 852 210 ART. 852 L
VIA,853 966,ART. 853,0,2342.5058,L,409.0,0,VIA 853 966 ART. 853 L
VIA,853 969,ART.853 TERMINAC 969,0,2342.5058,L,410.0,0,VIA 853 969 ART.853 TERMINAC 969 L
VIA,854 966,ART. 864,0,2342.5058,L,411.0,0,VIA 854 966 ART. 864 L
VIA,857 515,ART 857  TERMINAC. 515,0,1366.4606,L,412.0,0,VIA 857 515 ART 857  TERMINAC. 515 L
VIA,857 529,ART 857 TERMINAC. 529,0,1366.4606,L,413.0,0,VIA 857 529 ART 857 TERMINAC. 529 L
VIA,858 223,"ART 858 TERMINAC, 223",0,927.2417,L,414.0,0,"VIA 858 223 ART 858 TERMINAC, 223 L"
VIA,858 224,ART 858 TERMINAC. 224,0,927.2417,L,415.0,0,VIA 858 224 ART 858 TERMINAC. 224 L
VIA,863 013,ART 863 TERMINAC. 013,0,1317.6556,L,416.0,0,VIA 863 013 ART 863 TERMINAC. 013 L
VIA,360 108,PECHO PALOMA 35 GRS.,0,1122.87,L,457.0,0,VIA 360 108 PECHO PALOMA 35 GRS. L
VIA,360 841,PECHO PALOMA 35 GRS.,0,1122.87,L,458.0,0,VIA 360 841 PECHO PALOMA 35 GRS. L
VIA,360 238,PECHO PALOMA 35 GRS.,0,841.9443,L,459.0,0,VIA 360 238 PECHO PALOMA 35 GRS. L
VIA,364 638,ART. 364 TERMINAC. 638,0,1963.1227,L,462.0,0,VIA 364 638 ART. 364 TERMINAC. 638 L
VIA,549 881,ITALIANA 6.5 CM ST. ORO VIEJO,0,1282.4309,L,465.0,0,VIA 549 881 ITALIANA 6.5 CM ST. ORO VIEJO L
VIA,547 108,ITALIANA 3.5 CM ST. ORO C/ CALLE,0,439.2234,L,466.0,0,VIA 547 108 ITALIANA 3.5 CM ST. ORO C/ CALLE L
VIA,549 108,ITALIANA 6.5 CM ST. ORO C/ CALLE,0,1054.9749,L,467.0,0,VIA 549 108 ITALIANA 6.5 CM ST. ORO C/ CALLE L
VIA,361 108,ART. 361 TERMINAC. 108,0,1756.8774,L,468.0,0,VIA 361 108 ART. 361 TERMINAC. 108 L
VIA,451 013,ART. 451  -- DORADA --,0,390.4159,L,490.0,0,VIA 451 013 ART. 451  -- DORADA -- L
VIA,452 013,ART.  452 -- DORADA --,0,458.3186,L,491.0,0,VIA 452 013 ART.  452 -- DORADA -- L
VIA,453 013,ART. 453 -- DORADA --,0,292.8141,L,492.0,0,VIA 453 013 ART. 453 -- DORADA -- L
VIA,456 013,ART. 456 -- DORADA --,0,615.3269,L,493.0,0,VIA 456 013 ART. 456 -- DORADA -- L
VIA,458 013,ART. 458 -- DORADA --,0,497.7836,L,494.0,0,VIA 458 013 ART. 458 -- DORADA -- L
VIA,459 013,ART. 459 -- DORADA --,0,566.1083,L,495.0,0,VIA 459 013 ART. 459 -- DORADA -- L
VIA,351 977,ART. 351 -- DORADA --,0,419.6966,L,496.0,0,VIA 351 977 ART. 351 -- DORADA -- L
VIA,237 001,MARCO  CAJON  43 X 20,0,276.2607,L,515.0,0,VIA 237 001 MARCO  CAJON  43 X 20 L
VIA,796 001,ART. 796 MADERA 9.5CM C/ORNATOS,0,1103.3567,L,524.0,0,VIA 796 001 ART. 796 MADERA 9.5CM C/ORNATOS L
VIA,901 001,ART. 901 MADERA,0,409.9391,L,527.0,0,VIA 901 001 ART. 901 MADERA L
VIA,1350 001,CHATA DE 5CM. KIRI,0,2100.0,L,541.0,0,VIA 1350 001 CHATA DE 5CM. KIRI L
VIA,796 107,ART 796 ST. PLATA PAT. NEGRO,0,2356.9303,L,656.0,0,VIA 796 107 ART 796 ST. PLATA PAT. NEGRO L
VIA,1471 001,KIRI SUBIDA DE 60,0,2990.0,L,679.0,0,VIA 1471 001 KIRI SUBIDA DE 60 L
VIA,1134 001,KIRI ESPACIAL ITALIANA,0,127.3102,L,682.0,0,VIA 1134 001 KIRI ESPACIAL ITALIANA L
VIA,1472 001,KIRI SUBIDA DE 80,0,1300.0,L,683.0,0,VIA 1472 001 KIRI SUBIDA DE 80 L
VIA,1475 001,KIRI BAJADA DE 60,0,850.0,L,684.0,0,VIA 1475 001 KIRI BAJADA DE 60 L
VIA,1194 001,KIRI CASITA DE 93,0,670.4993,L,686.0,0,VIA 1194 001 KIRI CASITA DE 93 L
VIA,1163 001,KIRI CHATA DE 80X20,0,3960.0,L,687.0,0,VIA 1163 001 KIRI CHATA DE 80X20 L
VIA,1470 001,KIRI SUBIDA DE 45,0,850.0,L,688.0,0,VIA 1470 001 KIRI SUBIDA DE 45 L
VIA,1476 001,KIRI BAJADA DE 80,0,1920.0,L,689.0,0,VIA 1476 001 KIRI BAJADA DE 80 L
VIA,1147 001,KIRI BAJADA ESPECIAL DE 45,0,471.0,L,690.0,0,VIA 1147 001 KIRI BAJADA ESPECIAL DE 45 L
VIA,1148 001,KIRI BAJADA ESPECIAL DE 64,0,1167.0,L,692.0,0,VIA 1148 001 KIRI BAJADA ESPECIAL DE 64 L
VIA,1149 001,KIRI BAJADA ESPECIAL DE 90,0,636.552,L,693.0,0,VIA 1149 001 KIRI BAJADA ESPECIAL DE 90 L
VIA,846 013,T. 90X45 BOMBE GRABADA,0,4030.6296,L,720.0,0,VIA 846 013 T. 90X45 BOMBE GRABADA L
VIA,533 010,BOMBE DE 3CM ALTA HOJA ORO,0,654.2371,L,766.0,0,VIA 533 010 BOMBE DE 3CM ALTA HOJA ORO L
VIA,330 010,CHATA DE 3CM HOJA,0,606.1576,L,767.0,0,VIA 330 010 CHATA DE 3CM HOJA L
VIA,683 001,MD ITAL 8CM CON 2 FRISAS,0,1832.1217,L,772.0,0,VIA 683 001 MD ITAL 8CM CON 2 FRISAS L
VIA,867 703,T. BATEA 65X41 HOJA,0,8154.0,L,774.0,0,VIA 867 703 T. BATEA 65X41 HOJA L
VIA,462 013,TD 70X22 PERLA Y FRISA,0,1272.2067,L,775.0,0,VIA 462 013 TD 70X22 PERLA Y FRISA L
VIA,109 010,T. FRANCESITA DE 11 MM HOJA,0,298.6885,L,776.0,0,VIA 109 010 T. FRANCESITA DE 11 MM HOJA L
VIA,235 001,L RECTA 15X35 MARUPA,0,266.4936,L,789.0,0,VIA 235 001 L RECTA 15X35 MARUPA L
VIA,1229 526,BOMBE 2CM AZUL COUNTRY C/GARG. DORADA,0,391.5297,L,790.0,0,VIA 1229 526 BOMBE 2CM AZUL COUNTRY C/GARG. DORADA L
VIA,336 001,CHATA MARUPA 33 X 21,0,396.3278,L,797.0,0,VIA 336 001 CHATA MARUPA 33 X 21 L
VIA,2642,M.E ZOCALO DE 8.5 CM,0,408.4069,L,808.0,0,VIA 2642 M.E ZOCALO DE 8.5 CM L
VIA,2187 307,"CHATA 4,5 NEGRA PLATA C/FLOR",0,1091.58,L,813.0,0,"VIA 2187 307 CHATA 4,5 NEGRA PLATA C/FLOR L"
VIA,2191 118,CHATA 6 PATINA BLANCA C/FLOR,0,1115.5,L,814.0,0,VIA 2191 118 CHATA 6 PATINA BLANCA C/FLOR L
VIA,2441 108,"PE. CHATA 3,6 GR FLORE C/GRAS",0,923.9445,L,815.0,0,"VIA 2441 108 PE. CHATA 3,6 GR FLORE C/GRAS L"
VIA,2436 107,PE. CHATA 2 BOLA GIGANTE,0,628.7812,L,816.0,0,VIA 2436 107 PE. CHATA 2 BOLA GIGANTE L
VIA,4332 882,T. CUADRADA 20X20 PATINA,0,611.16,L,817.0,0,VIA 4332 882 T. CUADRADA 20X20 PATINA L
VIA,4035,T. BATEA C/FRACESITA,0,1089.48,L,818.0,0,VIA 4035 T. BATEA C/FRACESITA L
VIA,2640,M.E CAIDA BOMBE C/PL 9 X 2,0,408.4069,L,819.0,0,VIA 2640 M.E CAIDA BOMBE C/PL 9 X 2 L
VIA,2641,M.E 9 X 2 CALLE ANGOSTA,0,408.4069,L,820.0,0,VIA 2641 M.E 9 X 2 CALLE ANGOSTA L
VIA,2036,"P.E PLAQUETA 3,8 X 2",0,191.5566,L,821.0,0,"VIA 2036 P.E PLAQUETA 3,8 X 2 L"
VIA,1310 001,N. CHATA 1 CM,0,730.0,L,822.0,0,VIA 1310 001 N. CHATA 1 CM L
VIA,1315 001,N. CHATA 1.5 CM,0,830.0,L,823.0,0,VIA 1315 001 N. CHATA 1.5 CM L
VIA,1320 001,N. CHATA 2 CM,0,990.0,L,824.0,0,VIA 1320 001 N. CHATA 2 CM L
VIA,1328 001,CHATA 2 X 1.5 KIRI,0,1100.0,L,825.0,0,VIA 1328 001 CHATA 2 X 1.5 KIRI L
VIA,3166 001,L RECTA 10 X 18 KIRI,0,1260.0,L,826.0,0,VIA 3166 001 L RECTA 10 X 18 KIRI L
VIA,3170 001,L RECTA 12 X 20 KIRI,0,1370.0,L,827.0,0,VIA 3170 001 L RECTA 12 X 20 KIRI L
VIA,3926,"L RECTA 3 X 4,5",0,4360.0,L,831.0,0,"VIA 3926 L RECTA 3 X 4,5 L"
VIA,3927,L RECTA 2 X 6,0,4360.0,L,832.0,0,VIA 3927 L RECTA 2 X 6 L
VIA,3207 001,L SOPORTE BASTIDOR MARUPA 4.5 X 3.2,0,960.25,L,842.0,0,VIA 3207 001 L SOPORTE BASTIDOR MARUPA 4.5 X 3.2 L
VIA,4877,SUPER NOV,0,4427.5,L,847.0,0,VIA 4877 SUPER NOV L
VIA,4878,SUPER NOV,0,4427.5,L,848.0,0,VIA 4878 SUPER NOV L
VIA,4315 015,"T. CHATA 1,5 CM  PLATA",0,316.25,L,851.0,0,"VIA 4315 015 T. CHATA 1,5 CM  PLATA L"
VIA,547 102,ITALIANA DE 3 CM ORO PLATA POLICROMADA,0,1520.0,L,863.0,0,VIA 547 102 ITALIANA DE 3 CM ORO PLATA POLICROMADA L
VIA,932 714,ART. 1032 ST. VENECIANO,"6,850000381",336.9425,L,175.0,0,VIA 932 714 ART. 1032 ST. VENECIANO L
VIA,932 892,ART. 1032 ST. NIZA ROSA,"1,25",336.9425,L,176.0,0,VIA 932 892 ART. 1032 ST. NIZA ROSA L
VIA,932 891,ART. 1032 ST. NIZA VERDE,"2,710000038",336.9425,L,177.0,0,VIA 932 891 ART. 1032 ST. NIZA VERDE L
VIA,932 893,ART. 1032 ST. NIZA MARRON,"1,200000048",336.9425,L,178.0,0,VIA 932 893 ART. 1032 ST. NIZA MARRON L
VIA,932 895,ART. 1032 ST. MARMOL NEGRO 2FN,"6,180000782",336.9425,L,179.0,0,VIA 932 895 ART. 1032 ST. MARMOL NEGRO 2FN L
VIA,932 785,ART. 1032 ST. MARIPOSA,"8,279999733",336.9425,L,180.0,0,VIA 932 785 ART. 1032 ST. MARIPOSA L
VIA,547 715,ITAL 3.5CM POLICROMA NEGRO Y ROJO,"1,809999347",775.0778,L,181.0,0,VIA 547 715 ITAL 3.5CM POLICROMA NEGRO Y ROJO L
VIA,547 517,ITAL 3.5CM COUNTRY VERDE,"4,949999809",468.5025,L,183.0,0,VIA 547 517 ITAL 3.5CM COUNTRY VERDE L
VIA,547 492A,ITAL 3.5CM ROBLE CALLE VERDE,"2,400000095",283.0488,L,185.0,0,VIA 547 492A ITAL 3.5CM ROBLE CALLE VERDE L
VIA,547 492B,ITAL 3.5CM ROBLE CALLE ROSA Y DORADA,"1,629999995",283.0488,L,186.0,0,VIA 547 492B ITAL 3.5CM ROBLE CALLE ROSA Y DORADA L
VIA,547 705,ITAL 3.5CM POLICROMA CALLE VERDE,"0,730000615",775.0778,L,187.0,0,VIA 547 705 ITAL 3.5CM POLICROMA CALLE VERDE L
VIA,547 861,ITAL 3.5CM ST. 861,"3,5",505.8481,L,188.0,0,VIA 547 861 ITAL 3.5CM ST. 861 L
VIA,547 880,ITAL 3.5CM ST.880,"0,219999954",505.8481,L,189.0,0,VIA 547 880 ITAL 3.5CM ST.880 L
VIA,547 513,ITAL 3.5CM COUNTRY BEIGE,"6,849999905",468.5025,L,190.0,0,VIA 547 513 ITAL 3.5CM COUNTRY BEIGE L
VIA,547 514,ITAL 3.5CM COUNTRY BORDEAUX,13,468.5025,L,192.0,0,VIA 547 514 ITAL 3.5CM COUNTRY BORDEAUX L
VIA,547 586,ITAL 3.5CM ST MARMOL MARFIL CALLE NEGRA,"-2,309999943",439.2234,L,193.0,0,VIA 547 586 ITAL 3.5CM ST MARMOL MARFIL CALLE NEGRA L
VIA,547 883,ITAL 3.5CM PLATA VIEJA S/PAT VERDE,"2,749999046",505.8481,L,194.0,0,VIA 547 883 ITAL 3.5CM PLATA VIEJA S/PAT VERDE L
VIA,547 732,ITAL 3.5CM ACRILICO VERDE MATE,"0,01",254.6179,L,195.0,0,VIA 547 732 ITAL 3.5CM ACRILICO VERDE MATE L
VIA,547 739,ITAL 3.5CM ACRILICO FRAMBUESA MATE,"3,160000086",254.6179,L,196.0,0,VIA 547 739 ITAL 3.5CM ACRILICO FRAMBUESA MATE L
VIA,547 733,ITAL 3.5CM ACRILICO AZUL MATE,"1,620000124",254.6179,L,197.0,0,VIA 547 733 ITAL 3.5CM ACRILICO AZUL MATE L
VIA,547 735,ITAL 3.5CM ACRILICO NEGRO MATE,"14,19000053",254.6179,L,198.0,0,VIA 547 735 ITAL 3.5CM ACRILICO NEGRO MATE L
VIA,547 734,ITAL 3.5CM ACRIKICO MARRON MATE,"4,699999809",254.6179,L,199.0,0,VIA 547 734 ITAL 3.5CM ACRIKICO MARRON MATE L
VIA,548 862,ITAL 4.5CM ST. 862,"1,799999952",719.9077,L,200.0,0,VIA 548 862 ITAL 4.5CM ST. 862 L
VIA,548 879,ITAL 4.5CM ST. 879,7,719.9077,L,201.0,0,VIA 548 879 ITAL 4.5CM ST. 879 L
VIA,548 517,ITAL 4.5CM COUNTRY VERDE,2,517.3038,L,202.0,0,VIA 548 517 ITAL 4.5CM COUNTRY VERDE L
VIA,580 703,ART 580 ST FLORES PATINA AZUL C/HOJA,12,2068.3625,L,206.0,0,VIA 580 703 ART 580 ST FLORES PATINA AZUL C/HOJA L
VIA,254 000,ART 254 TIZA 3CM,"7,599999905",317.4251,L,208.0,0,VIA 254 000 ART 254 TIZA 3CM L
VIA,255 000,ART 255 TIZA 5CM,"-2,640000105",507.5371,L,209.0,0,VIA 255 000 ART 255 TIZA 5CM L
VIA,312 000,ART 312 TIZA 6.5CM,"6,03000021",839.3974,L,210.0,0,VIA 312 000 ART 312 TIZA 6.5CM L
VIA,258 708,"BATEA BRAS,3CM POLPLATA CALLE NEGRO","4,110000134",644.1876,L,213.0,0,"VIA 258 708 BATEA BRAS,3CM POLPLATA CALLE NEGRO L"
VIA,100 750,ART 100 ST 654,"1,149999857",426.913,L,215.0,0,VIA 100 750 ART 100 ST 654 L
VIA,230 702,ART 230 POLICROMA C/ROJO,"3,639999866",1700.4945,L,216.0,0,VIA 230 702 ART 230 POLICROMA C/ROJO L
VIA,196 884,ART 196 LACA S/MUESTRA,"4,28000021",907.7171,L,217.0,0,VIA 196 884 ART 196 LACA S/MUESTRA L
VIA,257 732,ART 257 ACRILICO VERDE MATE,"3,710000992",200.8133,L,218.0,0,VIA 257 732 ART 257 ACRILICO VERDE MATE L
VIA,257 733,ART 257 ACRILICO AZUL MATE,"1,649998903",200.8133,L,219.0,0,VIA 257 733 ART 257 ACRILICO AZUL MATE L
VIA,257 734,ART 257 ACRILICO MARRON MATE,"9,899999619",200.8133,L,220.0,0,VIA 257 734 ART 257 ACRILICO MARRON MATE L
VIA,257 739,ART 257 ACRILICO FRAMBUESA MATE,"2,440000296",200.8133,L,221.0,0,VIA 257 739 ART 257 ACRILICO FRAMBUESA MATE L
VIA,257 735,ART 257 ACRILICO NEGRO MATE,"0,349999845",200.8133,L,222.0,0,VIA 257 735 ART 257 ACRILICO NEGRO MATE L
VIA,531 731,BOMBE 1.5CM ACRIL ROJO MATE,"1,480000019",181.8727,L,223.0,0,VIA 531 731 BOMBE 1.5CM ACRIL ROJO MATE L
VIA,531 732,BOMBE 1.5CM ACRIL VERDE MATE,"9,960000038",181.8727,L,224.0,0,VIA 531 732 BOMBE 1.5CM ACRIL VERDE MATE L
VIA,100 650,"OLIT DE2,5ST FLORES POLIC ORO SEP","3,329999924",449.8286,L,259.0,0,"VIA 100 650 OLIT DE2,5ST FLORES POLIC ORO SEP L"
VIA,1227 001,K. SIMIL ITALIANA 3 CM MADERA,"19,45000076",405.0,L,263.0,0,VIA 1227 001 K. SIMIL ITALIANA 3 CM MADERA L
VIA,1225 001,K. SIMIL ITALIANA 4 CM MADERA,"10,15999794",248.3299,L,264.0,0,VIA 1225 001 K. SIMIL ITALIANA 4 CM MADERA L
VIA,549 001,"ITALIANA DE 6,5 CM MADERA","0,649999321",646.7344,L,265.0,0,"VIA 549 001 ITALIANA DE 6,5 CM MADERA L"
VIA,361 001,PECHO  DE  PALOMA  DE 80 GRS.,"1,799999952",1054.1258,L,293.0,0,VIA 361 001 PECHO  DE  PALOMA  DE 80 GRS. L
VIA,2548 001,P.E. ITALIANA DE 4.5CM. ENSAMBLADA,"-0,130023003",175.1917,L,298.0,0,VIA 2548 001 P.E. ITALIANA DE 4.5CM. ENSAMBLADA L
VIA,2549 001,P.E. ITALIANA DE 6.5CM ENSAMBLADA,"-3,959989309",381.9732,L,299.0,0,VIA 2549 001 P.E. ITALIANA DE 6.5CM ENSAMBLADA L
VIA,2567 001,BOMBE  DE  5CM  ENSAMBLADA,"3,100019455",188.61,L,302.0,0,VIA 2567 001 BOMBE  DE  5CM  ENSAMBLADA L
VIA,2905 001,ART.  1105  ENSAMBLADA,"2,389989138",253.0605,L,304.0,0,VIA 2905 001 ART.  1105  ENSAMBLADA L
VIA,548 881,"ITAL 4,5 ST ORO VIEJO","-1,969999909",719.9077,L,305.0,0,"VIA 548 881 ITAL 4,5 ST ORO VIEJO L"
VIA,547 881,"ITAL 3,5CM ST ORO VIEJO","2,380000591",505.8481,L,307.0,0,"VIA 547 881 ITAL 3,5CM ST ORO VIEJO L"
VIA,547 865,"ITAL 3,5CM ST SOL Y SOMBRA PAT NEGRA","8,789999962",505.8481,L,308.0,0,"VIA 547 865 ITAL 3,5CM ST SOL Y SOMBRA PAT NEGRA L"
VIA,1321 001,"BOMBE 3,5 CM CON ONDAS","18,1099968",809.97,L,309.0,0,"VIA 1321 001 BOMBE 3,5 CM CON ONDAS L"
VIA,1322 001,BOMBE 4 CM CON ONDAS,"-0,029998459",1332.3,L,310.0,0,VIA 1322 001 BOMBE 4 CM CON ONDAS L
VIA,1323 001,BOMBE 6 CM CON ONDAS MADERA,"-1,550000429",2150.0,L,311.0,0,VIA 1323 001 BOMBE 6 CM CON ONDAS MADERA L
VIA,361 107,ART. 361 TERMINAC 107,"2,880000114",2019.989,L,312.0,0,VIA 361 107 ART. 361 TERMINAC 107 L
VIA,410 758,BOMBE 1CM NEGRO MATE,"18,04000473",204.8858,L,314.0,0,VIA 410 758 BOMBE 1CM NEGRO MATE L
VIA,410 763,BOMBE 1 CM AZUL CAPRI MATE,"8,13999939",204.8858,L,315.0,0,VIA 410 763 BOMBE 1 CM AZUL CAPRI MATE L
VIA,415 169,"BOMBE 1,5CM AZUL MARINO BRILLANTE","0,820000172",261.4074,L,316.0,0,"VIA 415 169 BOMBE 1,5CM AZUL MARINO BRILLANTE L"
VIA,415 754,"BOMBE 1,5CM ROSA","8,670000076",261.4074,L,317.0,0,"VIA 415 754 BOMBE 1,5CM ROSA L"
VIA,415 763,"BOMBE 1,5CM AZUL CAPRI MATE","-4,069999695",261.4074,L,318.0,0,"VIA 415 763 BOMBE 1,5CM AZUL CAPRI MATE L"
VIA,117 102,BATEA 5CM HOJA PAT.TAPONADA,"-0,55000025",1413.1409,L,319.0,0,VIA 117 102 BATEA 5CM HOJA PAT.TAPONADA L
VIA,230 715,ART. 230POL.ORO FONDO ROJO Y NEGRO,"4,19617E-07",1700.4945,L,323.0,0,VIA 230 715 ART. 230POL.ORO FONDO ROJO Y NEGRO L
VIA,230 796,BOMBE 5CM COM GARG.POL.PLATA,"13,42000008",1700.4945,L,324.0,0,VIA 230 796 BOMBE 5CM COM GARG.POL.PLATA L
VIA,258 713,ART 258 HOJA FLORENTINO ORO,"2,460000038",433.7038,L,325.0,0,VIA 258 713 ART 258 HOJA FLORENTINO ORO L
VIA,310 017,CHATA 1CM PLATA GASTADA RAYADA,"10,77999878",258.4289,L,326.0,0,VIA 310 017 CHATA 1CM PLATA GASTADA RAYADA L
VIA,350 012,CHATA 5CM HOJA RAYADA,"-2,329999924",693.1694,L,327.0,0,VIA 350 012 CHATA 5CM HOJA RAYADA L
VIA,359 529,ART 359 TERMINAC 529,"0,230000377",566.1083,L,336.0,0,VIA 359 529 ART 359 TERMINAC 529 L
VIA,359 745,ART 359 TERMINAC 745,"2,470000982",566.1083,L,337.0,0,VIA 359 745 ART 359 TERMINAC 745 L
VIA,360 107,PECHO PALOMA 35 GRS.PLATA PAT.,2,1122.87,L,338.0,0,VIA 360 107 PECHO PALOMA 35 GRS.PLATA PAT. L
VIA,360 236,ART 360 TERMINAC BRONCE PATINADO,"8,620000839",841.9443,L,339.0,0,VIA 360 236 ART 360 TERMINAC BRONCE PATINADO L
VIA,360 638,PECHO PALOMA 35 GRS. PLATA BETUN,"0,02000021",1122.87,L,340.0,0,VIA 360 638 PECHO PALOMA 35 GRS. PLATA BETUN L
VIA,360 786,"PECHO PALOMA 35 GRS. POLIC, ORO","-2,50999999",1122.87,L,342.0,0,"VIA 360 786 PECHO PALOMA 35 GRS. POLIC, ORO L"
VIA,363 236,BATEA FRANCESA 5CM BRONCE PATINA,"0,19999966",1145.79,L,352.0,0,VIA 363 236 BATEA FRANCESA 5CM BRONCE PATINA L
VIA,364 236,ART BATEA FRANCESA 9 CM,"-0,810000241",6885.0,L,354.0,0,VIA 364 236 ART BATEA FRANCESA 9 CM L
VIA,430 762,BOMBE 3CM BAJA AZUL OSCURA MATE,11,851.1,L,357.0,0,VIA 430 762 BOMBE 3CM BAJA AZUL OSCURA MATE L
VIA,430 763,BOMBE 3CM BAJA AZUL CAPRI MATE,"1,200000048",499.904,L,358.0,0,VIA 430 763 BOMBE 3CM BAJA AZUL CAPRI MATE L
VIA,532 012,BOMBE 2CM ALTA HOJA GAST. RAYADA,"9,019999504",503.0,L,371.0,0,VIA 532 012 BOMBE 2CM ALTA HOJA GAST. RAYADA L
VIA,532 610,BOMBE 2CM ALTA RAIZ NOGAL FILO LAV,4,315.7311,L,372.0,0,VIA 532 610 BOMBE 2CM ALTA RAIZ NOGAL FILO LAV L
VIA,532 690,BOMBE 2CM GRIS PERLADO,"0,870000064",315.7311,L,374.0,0,VIA 532 690 BOMBE 2CM GRIS PERLADO L
VIA,532 752,BOMBE 2CM ROJO MATE,"8,279999733",315.7311,L,375.0,0,VIA 532 752 BOMBE 2CM ROJO MATE L
VIA,532 759,BOMBE 2CM GRIS OSCURO MATE,"17,79000092",315.7311,L,376.0,0,VIA 532 759 BOMBE 2CM GRIS OSCURO MATE L
VIA,532 760,BOMBE 2CM GRIS MEDIANO MATE,"2,5",315.7311,L,377.0,0,VIA 532 760 BOMBE 2CM GRIS MEDIANO MATE L
VIA,532 762,BOMBE 2CM AZUL OSCURO MATE,13,315.7311,L,378.0,0,VIA 532 762 BOMBE 2CM AZUL OSCURO MATE L
VIA,532 763,BOMBE 2CM AZUL CAPRI MATE,"10,61999989",315.7311,L,379.0,0,VIA 532 763 BOMBE 2CM AZUL CAPRI MATE L
VIA,532 764,BOMBE 2CM CELESTE MATE,10,315.7311,L,380.0,0,VIA 532 764 BOMBE 2CM CELESTE MATE L
VIA,547 518,"IATLIANA 3,5CM COUNT.CELESTE S/TIZA","23,63999939",468.5025,L,382.0,0,"VIA 547 518 IATLIANA 3,5CM COUNT.CELESTE S/TIZA L"
VIA,547 539,"ITALIANA 3,5CM COUNT.MARRON S/MADERA","0,25999999",341.6175,L,383.0,0,"VIA 547 539 ITALIANA 3,5CM COUNT.MARRON S/MADERA L"
VIA,547 875,ITAL.3CM PLATA VIEJA PAT.NEGRA,"6,209999561",505.8481,L,384.0,0,VIA 547 875 ITAL.3CM PLATA VIEJA PAT.NEGRA L
VIA,548 586,"ITAL.4,5CM ST.MARMOL MARFIL CALLE NEGRO","19,20000076",617.0328,L,385.0,0,"VIA 548 586 ITAL.4,5CM ST.MARMOL MARFIL CALLE NEGRO L"
VIA,548 873,"ITAL.4,5CM ST.SOL Y SOMBRA PAT MARRON","1,230000019",719.9077,L,386.0,0,"VIA 548 873 ITAL.4,5CM ST.SOL Y SOMBRA PAT MARRON L"
VIA,548 875,"ITAL.4,5CM ST.PLATA VIEJA PAT.NEGRA","5,610000134",719.9077,L,387.0,0,"VIA 548 875 ITAL.4,5CM ST.PLATA VIEJA PAT.NEGRA L"
VIA,551 000,1/2 ITAL. INTERNA TIZA,"3,339999676",1020.755,L,390.0,0,VIA 551 000 1/2 ITAL. INTERNA TIZA L
VIA,552 000,1/2 ITAL. EXTERNA TIZA,"10,86000061",1020.755,L,391.0,0,VIA 552 000 1/2 ITAL. EXTERNA TIZA L
VIA,683 001,ART 683 MADERA 8CM C/ORNATOS,"-3,670000076",1366.4606,L,396.0,0,VIA 683 001 ART 683 MADERA 8CM C/ORNATOS L
VIA,842 013,"ART, 842 TERMINAC 013","-0,139999866",4601.8236,L,400.0,0,"VIA 842 013 ART, 842 TERMINAC 013 L"
VIA,845 036,T 85 X 51 CUELLO CISNE FRIS.,"-1,139999986",4450.7547,L,402.0,0,VIA 845 036 T 85 X 51 CUELLO CISNE FRIS. L
VIA,847 209,TD 46X22 GRABAD ORO GAST RAY PAT HUESO,"4,079999447",1357.2025,L,404.0,0,VIA 847 209 TD 46X22 GRABAD ORO GAST RAY PAT HUESO L
VIA,848 209,ART. 848,"1,639999986",2049.6911,L,405.0,0,VIA 848 209 ART. 848 L
VIA,1342 001,K. CHATA  AMERICANA  2CM  MADERA,"41,1499939",1200.0,L,448.0,0,VIA 1342 001 K. CHATA  AMERICANA  2CM  MADERA L
VIA,1343 001,K. CHATA  AMERICANA  3CM  MADERA,"52,15000153",1380.0,L,449.0,0,VIA 1343 001 K. CHATA  AMERICANA  3CM  MADERA L
VIA,1345 001,K. CHATA  AMERICANA  5CM  MADERA,"52,54998398",2260.0,L,450.0,0,VIA 1345 001 K. CHATA  AMERICANA  5CM  MADERA L
VIA,1346 001,CHATA  AMERICANA  6CM  MADERA,"15,24000645",3300.0,L,451.0,0,VIA 1346 001 CHATA  AMERICANA  6CM  MADERA L
VIA,532 758,BOMBE 2CM NEGRO MATE,"0,569999456",315.7311,L,452.0,0,VIA 532 758 BOMBE 2CM NEGRO MATE L
VIA,415 758,"BOMBE 1,5CM NEGRO MATE","2,280002356",261.4074,L,453.0,0,"VIA 415 758 BOMBE 1,5CM NEGRO MATE L"
VIA,532E 002,BOMBE 2CM ALTA ENSAMBLADA,"-14,11999989",65.78,L,454.0,0,VIA 532E 002 BOMBE 2CM ALTA ENSAMBLADA L
VIA,554 001,CHANFLE 4.5CM MADERA BUENA,"2,269989967",180.3599,L,455.0,0,VIA 554 001 CHANFLE 4.5CM MADERA BUENA L
VIA,226 715,ART. 226 POLICR. FONDO ROJO Y NEGRO,"0,199999958",1273.0988,L,460.0,0,VIA 226 715 ART. 226 POLICR. FONDO ROJO Y NEGRO L
VIA,364 841,ART. 364 TERMINAC. 841,"-0,989999831",1963.1227,L,461.0,0,VIA 364 841 ART. 364 TERMINAC. 841 L
VIA,363 638,BATEA FRANCESA 5CM.PLATEADO PATINA BETUN,"1,980000019",1132.2115,L,463.0,0,VIA 363 638 BATEA FRANCESA 5CM.PLATEADO PATINA BETUN L
VIA,580 715,"BOMBE 6,5 C/GARG POL ORO FDO ROJO Y NEGRO","1,620000482",2068.3625,L,464.0,0,"VIA 580 715 BOMBE 6,5 C/GARG POL ORO FDO ROJO Y NEGRO L"
VIA,343 440,CHATA AMERICANA 3 CM. LUSTRE ROBLE,"327,0400085",273.2928,L,485.0,0,VIA 343 440 CHATA AMERICANA 3 CM. LUSTRE ROBLE L
VIA,1789 001,B. 789 GALONES MADERA C/ORNATOS,"4,81000042",4700.0,L,487.0,0,VIA 1789 001 B. 789 GALONES MADERA C/ORNATOS L
VIA,1359 001,PECHITO DE PALOMA C/GALON MADERA CON ORNATOS,"1,350004554",325.7968,L,488.0,0,VIA 1359 001 PECHITO DE PALOMA C/GALON MADERA CON ORNATOS L
VIA,710 001,CHATA DE 45X15 C/BORLAS MADERA,"7,259999275",336.9425,L,489.0,0,VIA 710 001 CHATA DE 45X15 C/BORLAS MADERA L
VIA,415 594,"BOMBE 1,5CM BAJA ORO CHAMPAGNE","12,88999939",261.4074,L,505.0,0,"VIA 415 594 BOMBE 1,5CM BAJA ORO CHAMPAGNE L"
VIA,555 001,CHANFLE 60 X 15  MADERA,"7,119997501",253.7743,L,508.0,0,VIA 555 001 CHANFLE 60 X 15  MADERA L
VIA,2365 004,"CHATA  6,5 CM. ARANADO  S/PULIR","1,699998021",321.2303,L,509.0,0,"VIA 2365 004 CHATA  6,5 CM. ARANADO  S/PULIR L"
VIA,857 001,MG 72 X 30 GRABADA MADERA,"0,089999944",1256.9777,L,510.0,0,VIA 857 001 MG 72 X 30 GRABADA MADERA L
VIA,1304 001,CHATA 60X20 PETRIFICADA KIRI,"4,889991283",393.1115,L,513.0,0,VIA 1304 001 CHATA 60X20 PETRIFICADA KIRI L
VIA,533 740,BOMBE 3CM  ACRIL. AMARILLO MATE,"0,629999757",233.4041,L,514.0,0,VIA 533 740 BOMBE 3CM  ACRIL. AMARILLO MATE L
VIA,548 012,ITALIANA 4.5CM. HOJA  GASTADA,3,650.9808,L,516.0,0,VIA 548 012 ITALIANA 4.5CM. HOJA  GASTADA L
VIA,410 120,BOMBE  1CM. NEGRO BRILLANTE,"10,36999893",204.654,L,517.0,0,VIA 410 120 BOMBE  1CM. NEGRO BRILLANTE L
VIA,430 767,BOMBE  3CM BAJA VERDE MATE,"5,5",499.904,L,518.0,0,VIA 430 767 BOMBE  3CM BAJA VERDE MATE L
VIA,579 001,K. BOMBE DE 45 C/GARGANTA MADERA,"3,369998693",425.8804,L,520.0,0,VIA 579 001 K. BOMBE DE 45 C/GARGANTA MADERA L
VIA,430 120,BOMBE 3CM BAJA NEGRO BRILLANTE,21,499.904,L,521.0,0,VIA 430 120 BOMBE 3CM BAJA NEGRO BRILLANTE L
VIA,532 592,BOMBE 2CM. MARMOL ROSA STAMP.,"17,65999985",315.7311,L,522.0,0,VIA 532 592 BOMBE 2CM. MARMOL ROSA STAMP. L
VIA,2797 001,K. BATEA SOGA Y FRISA 93 MADERA,"10,22000027",1420.6755,L,523.0,0,VIA 2797 001 K. BATEA SOGA Y FRISA 93 MADERA L
VIA,1921 001,K. 70 X 20 (901) 7 CM - 2 ORNATOS,"9,26999855",2142.0,L,525.0,0,VIA 1921 001 K. 70 X 20 (901) 7 CM - 2 ORNATOS L
VIA,1922 001,N 43X15 (900) CON ORNATOS,"21,26000023",990.0,L,526.0,0,VIA 1922 001 N 43X15 (900) CON ORNATOS L
VIA,1792 001,K. BATEA SOGA Y FRISA 50 MADERA C/ORNATOS,21,2181.0,L,528.0,0,VIA 1792 001 K. BATEA SOGA Y FRISA 50 MADERA C/ORNATOS L
VIA,1160 001,CHATA DE 58 X 20 KIRI,"25,8999958",2830.0,L,536.0,0,VIA 1160 001 CHATA DE 58 X 20 KIRI L
VIA,1301 001,CHATA PETRIF. 30  KIRI,"1,759999871",148.5287,L,537.0,0,VIA 1301 001 CHATA PETRIF. 30  KIRI L
VIA,1303 001,CHATA PETRIF. 45  KIRI,"-0,050001658",272.8779,L,538.0,0,VIA 1303 001 CHATA PETRIF. 45  KIRI L
VIA,1330 001,CHATA DE 3CM. KIRI,"34,84999847",1350.0,L,540.0,0,VIA 1330 001 CHATA DE 3CM. KIRI L
VIA,1531 001,BOMBE DE 1.5CM. KIRI,"53,03003311",950.0,L,542.0,0,VIA 1531 001 BOMBE DE 1.5CM. KIRI L
VIA,1532 001,BOMDE DE 2CM. KIRI,"46,43992996",1220.0,L,543.0,0,VIA 1532 001 BOMDE DE 2CM. KIRI L
VIA,1533 001,BOMDE DE 3CM.ALTA KIRI,"35,40000153",1700.0,L,544.0,0,VIA 1533 001 BOMDE DE 3CM.ALTA KIRI L
VIA,1546 001,ITALIANA DE 2CM. KIRI,"45,69006729",1500.0,L,545.0,0,VIA 1546 001 ITALIANA DE 2CM. KIRI L
VIA,1547 001,ITALIANA DE 3.5CM. KIRI,"50,77017212",1800.0,L,546.0,0,VIA 1547 001 ITALIANA DE 3.5CM. KIRI L
VIA,1548 001,ITALIANA DE 4.5CM. KIRI,"60,44020081",2100.0,L,547.0,0,VIA 1548 001 ITALIANA DE 4.5CM. KIRI L
VIA,1564 001,CHANFLE 45  KIRI,"15,83997345",2070.0,L,548.0,0,VIA 1564 001 CHANFLE 45  KIRI L
VIA,1565 001,K.SUP. CHANFLE  60  MADERA,"15,25998688",2930.0,L,549.0,0,VIA 1565 001 K.SUP. CHANFLE  60  MADERA L
VIA,1905 001,ONDULADA 70 X 21  KIRI,"7,029995441",1314.0,L,552.0,0,VIA 1905 001 ONDULADA 70 X 21  KIRI L
VIA,410 012,BOMBE DE 1CM. HOJA ORO,"-5,409998894",242.0437,L,553.0,0,VIA 410 012 BOMBE DE 1CM. HOJA ORO L
VIA,101 010,BATEA DE 3CM. HOJA,"5,150000095",719.726,L,554.0,0,VIA 101 010 BATEA DE 3CM. HOJA L
VIA,1960 108,K227c/SUP TELA 50X20 ST.HOJA PAT MARRON,"3,430000067",805.0,L,555.0,0,VIA 1960 108 K227c/SUP TELA 50X20 ST.HOJA PAT MARRON L
VIA,1960 422,K227c/SUP TELA 50X20 ROBLE PAT. FH,"7,960000515",1749.0,L,556.0,0,VIA 1960 422 K227c/SUP TELA 50X20 ROBLE PAT. FH L
VIA,2180 365,P.E.ITAL. DE 2 SOGA ARTESAN.BRONC.C/ORO,"2,939999819",1650.0,L,557.0,0,VIA 2180 365 P.E.ITAL. DE 2 SOGA ARTESAN.BRONC.C/ORO L
VIA,2185 365,P.E.ONDA GRAB.65 PERLA ARTESAN.BRONC.C/ORO,"2,539993763",710.7618,L,558.0,0,VIA 2185 365 P.E.ONDA GRAB.65 PERLA ARTESAN.BRONC.C/ORO L
VIA,1546 440,KIRI ITAL. 2CM. ROBLE,"9,010001183",1500.0,L,559.0,0,VIA 1546 440 KIRI ITAL. 2CM. ROBLE L
VIA,1547 440,KIRI ITAL. 3CM. ROBLE,"12,57000065",1800.0,L,560.0,0,VIA 1547 440 KIRI ITAL. 3CM. ROBLE L
VIA,1548 440,KIRI ITAL. 4.5CM ROBLE,"1,429999232",2100.0,L,561.0,0,VIA 1548 440 KIRI ITAL. 4.5CM ROBLE L
VIA,1590 201,K. SUP. CH. GRAB. TELA 3CM IMIT. TELA MARFIL,"18,29999924",640.0,L,562.0,0,VIA 1590 201 K. SUP. CH. GRAB. TELA 3CM IMIT. TELA MARFIL L
VIA,1591 201,K. SUP. CH. GRAB. TELA 45X15 IMIT. TELA MARFIL,"11,00000095",234.2525,L,563.0,0,VIA 1591 201 K. SUP. CH. GRAB. TELA 45X15 IMIT. TELA MARFIL L
VIA,2533 001,P.E.BOMBE DE 3CM ALTA MADERA,"4,640010834",137.5144,L,564.0,0,VIA 2533 001 P.E.BOMBE DE 3CM ALTA MADERA L
VIA,2547 001,P.E.ITALIANA DE 3.5 CM MADERA,"-2,259996176",137.5305,L,565.0,0,VIA 2547 001 P.E.ITALIANA DE 3.5 CM MADERA L
VIA,1563 001,K. SUP. CHANFLE 3CM. MADERA,"23,35995865",1350.0,L,566.0,0,VIA 1563 001 K. SUP. CHANFLE 3CM. MADERA L
VIA,410 161,BOMBE DE 1CM VERDE INGLES,"0,42999962",204.654,L,567.0,0,VIA 410 161 BOMBE DE 1CM VERDE INGLES L
VIA,410 169,BOMBE DE 1CM AZUL MARINO,"-0,439999849",204.654,L,568.0,0,VIA 410 169 BOMBE DE 1CM AZUL MARINO L
VIA,410 160,BOMBE DE 1CM BLANCO,"4,350001335",204.654,L,569.0,0,VIA 410 160 BOMBE DE 1CM BLANCO L
VIA,103 112,FRANCESA DE 18MM CAOBA F.H.,"1,009999275",431.159,L,570.0,0,VIA 103 112 FRANCESA DE 18MM CAOBA F.H. L
VIA,109 112,P.E. FRANCESITA DE 11 CAOBA F.H.,"17,29999924",322.5177,L,571.0,0,VIA 109 112 P.E. FRANCESITA DE 11 CAOBA F.H. L
VIA,109 021,T. FRANCESITA DE 11 ST. HOJA,"2,629993439",228.9388,L,572.0,0,VIA 109 021 T. FRANCESITA DE 11 ST. HOJA L
VIA,2811 108,P.E. ITAL. DE 2 D ST. HOJA PATINADA PAT. MARRON,"1,090001702",222.8337,L,573.0,0,VIA 2811 108 P.E. ITAL. DE 2 D ST. HOJA PATINADA PAT. MARRON L
VIA,AG,ACRILICO PARA MADERA,"999,9899902",600.0,L,574.0,0,VIA 000 000 ACRILICO SOBRE MADERA L
VIA,1410 440,KIRI BOMBE DE 1CM ROBLE,"3,8147E-08",800.0,L,575.0,0,VIA 1410 440 KIRI BOMBE DE 1CM ROBLE L
VIA,1531 440,KIRI BOMBE DE 1.5CM ROBLE,"7,089999676",950.0,L,576.0,0,VIA 1531 440 KIRI BOMBE DE 1.5CM ROBLE L
VIA,1532 440,KIRI BOMBE DE 2CM ROBLE,"16,30999947",1220.0,L,577.0,0,VIA 1532 440 KIRI BOMBE DE 2CM ROBLE L
VIA,1533 440,KIRI BOMBE DE 3CM ALTA ROBLE,"6,509999752",1700.0,L,578.0,0,VIA 1533 440 KIRI BOMBE DE 3CM ALTA ROBLE L
VIA,1905 440,KIRI 70 X 21 ONDULADA ROBLE,"12,21000004",546.582,L,579.0,0,VIA 1905 440 KIRI 70 X 21 ONDULADA ROBLE L
VIA,1301 446,KIRI CH. PETRIF. 30X10 ROBLE PATINADO,"7,46999836",240.1914,L,580.0,0,VIA 1301 446 KIRI CH. PETRIF. 30X10 ROBLE PATINADO L
VIA,1303 446,KIRI CH. PETRIF. 45X15 ROBLE PATINADO,"5,069999218",364.111,L,581.0,0,VIA 1303 446 KIRI CH. PETRIF. 45X15 ROBLE PATINADO L
VIA,1304 446,KIRI CH. PETRIF. 58X20 ROBLE PATINADO,"3,050000191",455.7696,L,582.0,0,VIA 1304 446 KIRI CH. PETRIF. 58X20 ROBLE PATINADO L
VIA,1546 528,KIRI ITAL. DE 2CM. COUNTRY VERDE OSC. S/MAD.,"3,269999743",1500.0,L,583.0,0,VIA 1546 528 KIRI ITAL. DE 2CM. COUNTRY VERDE OSC. S/MAD. L
VIA,1546 526,KIRI ITAL. DE 2CM. COUNTRY AZUL S/MADERA,"1,440000415",1500.0,L,584.0,0,VIA 1546 526 KIRI ITAL. DE 2CM. COUNTRY AZUL S/MADERA L
VIA,1546 503,KIRI ITAL. DE 2CM. COUNTRY HUESO VIEJO S/MADERA,"-1,930000544",1500.0,L,585.0,0,VIA 1546 503 KIRI ITAL. DE 2CM. COUNTRY HUESO VIEJO S/MADERA L
VIA,1547 528,KIRI ITAL. DE 3CM. COUNTRY VERDE OSC.S/MADERA,"2,250000238",1800.0,L,586.0,0,VIA 1547 528 KIRI ITAL. DE 3CM. COUNTRY VERDE OSC.S/MADERA L
VIA,1547 526,KIRI ITAL. DE 3CM. COUNTRY AZUL S/MADERA,"3,749999762",1800.0,L,587.0,0,VIA 1547 526 KIRI ITAL. DE 3CM. COUNTRY AZUL S/MADERA L
VIA,1547 503,KIRI ITAL. DE 3CM. COUNTRY HUESO VIEJO S/MADERA,"8,169999123",1800.0,L,588.0,0,VIA 1547 503 KIRI ITAL. DE 3CM. COUNTRY HUESO VIEJO S/MADERA L
VIA,1960 001,K227 C/SUP TELA 50X20 MADERA,"8,320000648",1167.0,L,592.0,0,VIA 1960 001 K227 C/SUP TELA 50X20 MADERA L
VIA,415 161,BOMBE 1.5CM VERDE INGLES BTE.,"17,27000046",261.4074,L,593.0,0,VIA 415 161 BOMBE 1.5CM VERDE INGLES BTE. L
VIA,905 001,70 X 21 ONDULADA MADERA,"7,629999161",471.0467,L,595.0,0,VIA 905 001 70 X 21 ONDULADA MADERA L
VIA,2900 001,P.E. 43 X 13 MADERA,"5,879995823",184.7903,L,597.0,0,VIA 2900 001 P.E. 43 X 13 MADERA L
VIA,2184 001,P.E. ITAL. DE 4.5D SOGA MADERA,"7,530003548",384.8051,L,598.0,0,VIA 2184 001 P.E. ITAL. DE 4.5D SOGA MADERA L
VIA,2185 001,P.E. ONDA GRAB. 6.5 PERLA MADERA,"9,480006218",1360.32,L,599.0,0,VIA 2185 001 P.E. ONDA GRAB. 6.5 PERLA MADERA L
VIA,2180 001,P.E. ITAL. DE 2 SOGA MADERA,"13,67000198",1650.0,L,600.0,0,VIA 2180 001 P.E. ITAL. DE 2 SOGA MADERA L
VIA,2901 001,P.E. 70 X 21 MADERA,"14,0199995",630.0,L,601.0,0,VIA 2901 001 P.E. 70 X 21 MADERA L
VIA,00,00,,0.0,L,602.0,0,VIA 00 00 L
VIA,1551 001,SUP. ITALIANA INT. 6CM. KIRI,5,5170.0,L,604.0,0,VIA 1551 001 SUP. ITALIANA INT. 6CM. KIRI L
VIA,1552 001,SUP. ITALIANA EXT. 3.5CM,"4,640008926",5170.0,L,605.0,0,VIA 1552 001 SUP. ITALIANA EXT. 3.5CM L
VIA,533 015,BOMBE DE 3CM ALTA HOJA PLATA,"1,159999967",654.3743,L,606.0,0,VIA 533 015 BOMBE DE 3CM ALTA HOJA PLATA L
VIA,410 015,BOMBE DE 1CM HOJA PLATA,"-0,299999952",532.0,L,607.0,0,VIA 410 015 BOMBE DE 1CM HOJA PLATA L
VIA,533 758,BOMBE DE 3CM. ALTA NEGRO MATE,"8,309999466",497.8409,L,643.0,0,VIA 533 758 BOMBE DE 3CM. ALTA NEGRO MATE L
VIA,2184 365,P.E. ITAL. DE 4.5 SOGA ARTES. BCE. C/ORO Y MAR.,"6,030002117",595.5038,L,644.0,0,VIA 2184 365 P.E. ITAL. DE 4.5 SOGA ARTES. BCE. C/ORO Y MAR. L
VIA,194 001,CASITA DE 93 X 33 MADERA,"-0,610000312",911.5374,L,645.0,0,VIA 194 001 CASITA DE 93 X 33 MADERA L
VIA,1132 001,K.BOMBE DE 30 C/BIT. Y GAR MADERA,"18,19000053",133.2505,L,646.0,0,VIA 1132 001 K.BOMBE DE 30 C/BIT. Y GAR MADERA L
VIA,1567 001,K. BOMBE DE 5CM MADERA,"55,98007202",2300.0,L,647.0,0,VIA 1567 001 K. BOMBE DE 5CM MADERA L
VIA,2365 001,"P. E. CHATA DE 6,5CM SIN PULIR","-0,700003088",1510.0,L,648.0,0,"VIA 2365 001 P. E. CHATA DE 6,5CM SIN PULIR L"
VIA,1411 001,CHATA DE 11 C/2 ESCALONES KIRI,"4,390014648",287.0,L,650.0,0,VIA 1411 001 CHATA DE 11 C/2 ESCALONES KIRI L
VIA,1232 001,ART. 1232 KIRI,"15,71000481",148.5287,L,651.0,0,VIA 1232 001 ART. 1232 KIRI L
VIA,1549 001,KIRI ITAL. DE 6.5 MADERA,"17,60001183",4300.0,L,652.0,0,VIA 1549 001 KIRI ITAL. DE 6.5 MADERA L
VIA,847 012,GRABADA EN HOJA 5CM. SALDO EXP.,"1,850006819",631.8106,L,653.0,0,VIA 847 012 GRABADA EN HOJA 5CM. SALDO EXP. L
VIA,350 015,CHATA DE 5CM PLATA,"-0,870000303",693.1694,L,654.0,0,VIA 350 015 CHATA DE 5CM PLATA L
VIA,1410 001,KIRI BOMBE DE 1 CM MADERA,"29,53999329",800.0,L,655.0,0,VIA 1410 001 KIRI BOMBE DE 1 CM MADERA L
VIA,1797 727,K. BATEA SOGA Y FRISA 93 POLIC. PLATA S/MADERA,"-0,270000041",2520.4335,L,657.0,0,VIA 1797 727 K. BATEA SOGA Y FRISA 93 POLIC. PLATA S/MADERA L
VIA,1926 001,L. RECTA 30 X 45 MADERA,"0,409999937",438.5428,L,658.0,0,VIA 1926 001 L. RECTA 30 X 45 MADERA L
VIA,550 702,ITALIANA DE 10CM POLICR. ORO FDO ROJO S/TIZA,"2,110000134",3401.7191,L,659.0,0,VIA 550 702 ITALIANA DE 10CM POLICR. ORO FDO ROJO S/TIZA L
VIA,921 727,ART. 721 POL.ICR. PLATA,"0,039999962",1413.9923,L,660.0,0,VIA 921 727 ART. 721 POL.ICR. PLATA L
VIA,549 702,ITAL. 6.5 CM. PO. ORO DDO. ROJO,"2,200000763",1700.8656,L,676.0,0,VIA 549 702 ITAL. 6.5 CM. PO. ORO DDO. ROJO L
VIA,465 013,MB 58X32 BOMBE 0X ORO G. RAYADO Y SALPICADO,"2,300000191",1649.0898,L,677.0,0,VIA 465 013 MB 58X32 BOMBE 0X ORO G. RAYADO Y SALPICADO L
VIA,1474 001,KIRI BAJADA DE 45,15,2310.0,L,678.0,0,VIA 1474 001 KIRI BAJADA DE 45 L
VIA,1532 758,KIRI BOMBE DE 2CM NEGRO MATE,"-1,890000701",1220.0,L,694.0,0,VIA 1532 758 KIRI BOMBE DE 2CM NEGRO MATE L
VIA,580 702,BOMBE 6.5CM CON GARG. POL. ORO FONDO ROJO,"-1,690000176",2068.3625,L,695.0,0,VIA 580 702 BOMBE 6.5CM CON GARG. POL. ORO FONDO ROJO L
VIA,260 001,ART. 260  MADERA,"0,749999821",456.6166,L,696.0,0,VIA 260 001 ART. 260  MADERA L
VIA,798 593,BATEA REVES HOJA Y PUNTO ORO VERONA S/TIZA,"-0,810000002",2551.2893,L,699.0,0,VIA 798 593 BATEA REVES HOJA Y PUNTO ORO VERONA S/TIZA L
VIA,1197 001,K. CASITA DE 70 MADERA,"15,68999195",2004.87,L,703.0,0,VIA 1197 001 K. CASITA DE 70 MADERA L
VIA,1168 001,K. ALFIL DE 45 MADERA,"6,800011158",660.9979,L,704.0,0,VIA 1168 001 K. ALFIL DE 45 MADERA L
VIA,1332 001,K.CUADRADA DE 20X20 MADERA,"38,34000778",1350.0,L,714.0,0,VIA 1332 001 K.CUADRADA DE 20X20 MADERA L
VIA,1333 001,K.CUADRADA DE 30X30 MADERA,"15,36999607",2270.0,L,715.0,0,VIA 1333 001 K.CUADRADA DE 30X30 MADERA L
VIA,2183 001,P.E. ITALIANA. DE 3D OJOS MADERA,"3,159999847",2600.0,L,717.0,0,VIA 2183 001 P.E. ITALIANA. DE 3D OJOS MADERA L
VIA,532 169,T.BOMBE DE 2CM ALTA AZUL MARINO,"0,420000166",315.7311,L,719.0,0,VIA 532 169 T.BOMBE DE 2CM ALTA AZUL MARINO L
VIA,1867 001,K. BATEA 65 X 41,"3,249997139",3853.0,L,732.0,0,VIA 1867 001 K. BATEA 65 X 41 L
VIA,1581 001,K. CHATA DE 97 X 27,"-2,299999237",2100.0,L,733.0,0,VIA 1581 001 K. CHATA DE 97 X 27 L
VIA,257 731,ART 257 ACRILICO MARRON OSCURO MATE,"9,420000076",200.8133,L,734.0,0,VIA 257 731 ART 257 ACRILICO MARRON OSCURO MATE L
VIA,567 015,BOMBE 5 CM. HOJA PLATA,"0,749999344",868.25,L,736.0,0,VIA 567 015 BOMBE 5 CM. HOJA PLATA L
VIA,548 702,ITAL. DE 4.5 POLICROM. S/BORDEAUX,"1,749999523",2455.0,L,738.0,0,VIA 548 702 ITAL. DE 4.5 POLICROM. S/BORDEAUX L
VIA,1926 001,K. L RECTA 30x45,"-0,480000108",1482.0,L,739.0,0,VIA 1926 001 K. L RECTA 30x45 L
VIA,710 012,SINTETICA GRABADA 3CM DORADA Y CRUDO,"5,439994335",246.2871,L,741.0,0,VIA 710 012 SINTETICA GRABADA 3CM DORADA Y CRUDO L
VIA,711 012,SINTETICA GRABADA 4CM DORADA Y CRUDO,"2,769998312",359.9533,L,742.0,0,VIA 711 012 SINTETICA GRABADA 4CM DORADA Y CRUDO L
VIA,310 112,CHATA 1CM. CAOBA FILO HOJA,"9,180000305",204.8858,L,753.0,0,VIA 310 112 CHATA 1CM. CAOBA FILO HOJA L
VIA,466 487,LD85x52 FRISA 0X Y PERLA ORO G. RAYADO Y SALP.,"3,810000181",3291.8542,L,757.0,0,VIA 466 487 LD85x52 FRISA 0X Y PERLA ORO G. RAYADO Y SALP. L
VIA,551 702,T.1/2 ITALIANA INT. POLICROMADA,"0,050000094",1700.4811,L,758.0,0,VIA 551 702 T.1/2 ITALIANA INT. POLICROMADA L
VIA,552 702,T.1/2 ITALIANA EXT. POLICROMADA,"0,250000089",1700.4811,L,759.0,0,VIA 552 702 T.1/2 ITALIANA EXT. POLICROMADA L
VIA,1548 137,"K. ITAL. DE 4,5CM JASP. DORAD PATINADO","2,979999542",2100.0,L,768.0,0,"VIA 1548 137 K. ITAL. DE 4,5CM JASP. DORAD PATINADO L"
VIA,1546 137,K. ITAL. DE 2CM JASP. DORADO PATINADO,"2,760000229",1500.0,L,769.0,0,VIA 1546 137 K. ITAL. DE 2CM JASP. DORADO PATINADO L
VIA,567 010,BOMBE DE 5 CM HOJA ORO,"7,759999752",702.3124,L,770.0,0,VIA 567 010 BOMBE DE 5 CM HOJA ORO L
VIA,547 702,ITAL 3.5CM POL. ORO FONDO ROJO,"4,079999447",775.0778,L,771.0,0,VIA 547 702 ITAL 3.5CM POL. ORO FONDO ROJO L
VIA,415 015,"T. BOMBE DE 1,5 BAJA PLATA","3,450000048",307.9526,L,773.0,0,"VIA 415 015 T. BOMBE DE 1,5 BAJA PLATA L"
VIA,2181 001,PE ITAL. DE 2 CM FLOR MADERA,"17,15999985",1300.0,L,777.0,0,VIA 2181 001 PE ITAL. DE 2 CM FLOR MADERA L
VIA,410 174,BOMBE DE 1CM ROJO,"2,970000267",204.8005,L,780.0,0,VIA 410 174 BOMBE DE 1CM ROJO L
VIA,882 000,T.MILLENIUM DE 9.7 TIZA,"-0,349999994",1807.9487,L,783.0,0,VIA 882 000 T.MILLENIUM DE 9.7 TIZA L
VIA,2548 446,PE ITALIANA DE 4.5 ROBLE PATINADO,"3,049999952",192.0981,L,784.0,0,VIA 2548 446 PE ITALIANA DE 4.5 ROBLE PATINADO L
VIA,581 001,CHATA DE 97 X 27,"-8,319999695",886.7231,L,785.0,0,VIA 581 001 CHATA DE 97 X 27 L
VIA,4330 015,T. CHATA DE 3 CM. PLATA,"5,75",769.06,L,788.0,0,VIA 4330 015 T. CHATA DE 3 CM. PLATA L
VIA,532 015,BOMBE 2CM ALTA HOJA PLATA,"10,37999916",431.1728,L,792.0,0,VIA 532 015 BOMBE 2CM ALTA HOJA PLATA L
VIA,320 015,CHATA DE 2CM HOJA PLATA,"1,170000553",410.0,L,794.0,0,VIA 320 015 CHATA DE 2CM HOJA PLATA L
VIA,2184 367,M E ITAL 4.5 SOGA ARTES. PLATA PAT. NEGRA,"8,680000305",595.4649,L,795.0,0,VIA 2184 367 M E ITAL 4.5 SOGA ARTES. PLATA PAT. NEGRA L
VIA,1205 001,N.GRABADA HOJAS 30X20 MADERA,"5,109998703",747.0,L,796.0,0,VIA 1205 001 N.GRABADA HOJAS 30X20 MADERA L
VIA,364 000,ART. 364 TERMINACION TIZA,"11,97999954",1963.1124,L,798.0,0,VIA 364 000 ART. 364 TERMINACION TIZA L
VIA,2532 001,P.E.BOMBE DE 2 CM ALTA MADERA,"8,540000916",71.2054,L,799.0,0,VIA 2532 001 P.E.BOMBE DE 2 CM ALTA MADERA L
VIA,227 010,T. SIMIL ITAL DE 3 CM ORO,"1,329999924",570.1759,L,800.0,0,VIA 227 010 T. SIMIL ITAL DE 3 CM ORO L
VIA,2146 000,INGLESA DE 6.5CM TIZA,"1,630000234",815.8977,L,801.0,0,VIA 2146 000 INGLESA DE 6.5CM TIZA L
VIA,532 174,BOMBE 2CM ALTA ROJO BRILLANTE,"5,160000324",292.4613,L,802.0,0,VIA 532 174 BOMBE 2CM ALTA ROJO BRILLANTE L
VIA,1334 001,CUADRADA DE 30X30 INVERTIDA MADERA,60,2270.0,L,803.0,0,VIA 1334 001 CUADRADA DE 30X30 INVERTIDA MADERA L
VIA,1909 446,K.227 C/SUPLEM 44X20 FILO DORADO,"1,309999824",795.0,L,804.0,0,VIA 1909 446 K.227 C/SUPLEM 44X20 FILO DORADO L
VIA,350 010,CHATA DE 5CM HOJA ORO,"2,670000076",704.699,L,805.0,0,VIA 350 010 CHATA DE 5CM HOJA ORO L
VIA,363 107,BATEA FRANCES DE 50 PLATA PAT NEGRA,"-0,340000004",1132.2177,L,806.0,0,VIA 363 107 BATEA FRANCES DE 50 PLATA PAT NEGRA L
VIA,4320015,T.CHATA DE 2 CM PLATA,20,443.16,L,809.0,0,VIA 4320015 T.CHATA DE 2 CM PLATA L
VIA,1339 002,K.CUADRADA 2X2 VENTANA ALTA,100,1350.0,L,810.0,0,VIA 1339 002 K.CUADRADA 2X2 VENTANA ALTA L
VIA,2368 001,BASTIDOR 30 X 20 MADERA,122,300.0,L,811.0,0,VIA 2368 001 BASTIDOR 30 X 20 MADERA L
VIA,1998 001,MOLD 85 X 10 KIRI,"14,89999962",650.0,L,812.0,0,VIA 1998 001 MOLD 85 X 10 KIRI L
VIA,1235 001,L RECTA 17 X 35,53,645.0,L,1800.0,0,VIA 1235 001 L RECTA 17 X 35 L
VIA,1923 001,L RECTA 20 X 35,50,2050.0,L,829.0,0,VIA 1923 001 L RECTA 20 X 35 L
VIA,3237,L RECTA 20 X 42 CAJON,30,4730.0,L,830.0,0,VIA 3237 L RECTA 20 X 42 CAJON L
VIA,2331 001,CHATA DE 3 CM ALTA PINO ENSAMBLADO,50,1000.0,L,838.0,0,VIA 2331 001 CHATA DE 3 CM ALTA PINO ENSAMBLADO L
VIA,1133,"N.BOX 1,3 X 1,9 CM",50,1100.0,L,843.0,0,"VIA 1133 N.BOX 1,3 X 1,9 CM L"
VIA,1134,"N.BOX 1,4 X 2,8 CM",10,1400.0,L,844.0,0,"VIA 1134 N.BOX 1,4 X 2,8 CM L"
VIA,1900 001,K.43X13,20,2900.0,L,845.0,0,VIA 1900 001 K.43X13 L
VIA,21911001,"Chata c/  FLOR (atr�s) 6,5 cm pino ensamblado","18,29999924",598.0,L,846.0,0,"VIA 21911001 Chata c/  FLOR (atr�s) 6,5 cm pino ensamblado L"
VIA,2370,"TENSOR BASTIDOR C/CHANFLE 4,3 X 1,5",50,149.5,L,849.0,0,"VIA 2370 TENSOR BASTIDOR C/CHANFLE 4,3 X 1,5 L"
VIA,2191,CHATA CON FLOR PINO 6CM,"18,5",1836.0,L,850.0,0,VIA 2191 CHATA CON FLOR PINO 6CM L
VIA,548 102,"T. ITALIANA 4,5 ORO CON STAMPING COBRE",6,1196.0,L,852.0,0,"VIA 548 102 T. ITALIANA 4,5 ORO CON STAMPING COBRE L"
VIA,4310 010,T.CHATA 1 CM PLATA A LA HOJA,10,1900.0,L,854.0,0,VIA 4310 010 T.CHATA 1 CM PLATA A LA HOJA L
VIA,4310 010,CHATA 1 CM HOJA ORO,15,1900.0,L,855.0,0,VIA 4310 010 CHATA 1 CM HOJA ORO L
VIA,1230 001,N. BOMBE C/GARGAS 5 CM,30,455.4,L,857.0,0,VIA 1230 001 N. BOMBE C/GARGAS 5 CM L
VIA,1568001,BOMBE 6 CM MADERA,20,3000.0,L,858.0,0,VIA 1568001 BOMBE 6 CM MADERA L
VIA,532 010,BOMBE 2 CM ORO T,10,503.1,L,861.0,0,VIA 532 010 BOMBE 2 CM ORO T L
VIA,4330 010,CHATA DE 3 CM ORO T,10,635.67,L,862.0,0,VIA 4330 010 CHATA DE 3 CM ORO T L
VIA,1101 001,BATEA 3CM -MADERA-,"46,3500061",1101.0,L,17.0,,VIA 1101 001 BATEA 3CM -MADERA- L
VIA,215  001,BOMBE L  15 X 35  -MADERA-,"4,650005341",249.5277,L,18.0,,VIA 215  001 BOMBE L  15 X 35  -MADERA- L
VIA,220  001,BOMBE L  20 X 35  -MADERA-,"-2,339997768",225.7637,L,19.0,,VIA 220  001 BOMBE L  20 X 35  -MADERA- L
VIA,1226 001,N. SIMIL ITAL. 5.5 CM,40,517.5,L,20.0,,VIA 1226 001 N. SIMIL ITAL. 5.5 CM L
VIA,1257 001,K. BATEA BRAS. DE 2CM MADERA,"55,34000015",1500.0,L,21.0,,VIA 1257 001 K. BATEA BRAS. DE 2CM MADERA L
VIA,258  001,ART. 258  - 3 CM -  -MADERA-,"4,189996243",263.9596,L,22.0,,VIA 258  001 ART. 258  - 3 CM -  -MADERA- L
VIA,259  001,ART. 259  - 4 CM -  -MADERA-,"1,509999156",347.9825,L,23.0,,VIA 259  001 ART. 259  - 4 CM -  -MADERA- L
VIA,330  001,CHATA  3 CM,"2,030001402",171.4442,L,24.0,,VIA 330  001 CHATA  3 CM L
VIA,410 001,BOMBE 1 CM,"-6,169999123",95.0597,L,25.0,,VIA 410 001 BOMBE 1 CM L
VIA,430 001,BOMBE 3 CM  BAJA,"-3,080001116",178.2326,L,26.0,,VIA 430 001 BOMBE 3 CM  BAJA L
VIA,547  001,ITALIANA  3.5 CM,"8,029999733",291.1194,L,27.0,,VIA 547  001 ITALIANA  3.5 CM L
VIA,548  001,ITALIANA 4.5 CM,"5,959993362",385.3291,L,28.0,,VIA 548  001 ITALIANA 4.5 CM L
VIA,567  001,BOMBE 5 CM,"5,359998703",331.0067,L,30.0,,VIA 567  001 BOMBE 5 CM L
VIA,1580 001,K. BOMBE DE 65 C/GARGANTA MADERA,"1,620004654",2136.0,L,31.0,,VIA 1580 001 K. BOMBE DE 65 C/GARGANTA MADERA L
VIA,1226 001,"N. SIMIL ITALIANA 5,5 CM MADERA",30,517.5,L,32.0,,"VIA 1226 001 N. SIMIL ITALIANA 5,5 CM MADERA L"
VIA,531  001,BOMBE  1.5 CM,"-16,66999435",121.3697,L,33.0,,VIA 531  001 BOMBE  1.5 CM L
VIA,532 001,BOMBE  2   CM   - ALTA -,"4,950003147",146.8318,L,34.0,,VIA 532 001 BOMBE  2   CM   - ALTA - L
VIA,533  001,BOMBE  3   CM   - ALTA -,"10,32998085",224.0696,L,35.0,,VIA 533  001 BOMBE  3   CM   - ALTA - L
VIA,1287 001,K. SIMIL  ITALIANA   2.5 CM,"24,06998444",1500.0,L,36.0,,VIA 1287 001 K. SIMIL  ITALIANA   2.5 CM L
VIA,117  001,BATEA  5 CM,"2,75999856",537.2484,L,37.0,,VIA 117  001 BATEA  5 CM L
VIA,532 590,BOMBE 2CM MARMOL GRIS CLARO,"4,199999809",385.3291,L,146.0,,VIA 532 590 BOMBE 2CM MARMOL GRIS CLARO L
VIA,532 591,BOMBE 2CM MARMOL GRIS STAMP.,0,315.7311,L,147.0,,VIA 532 591 BOMBE 2CM MARMOL GRIS STAMP. L
VIA,532 593,BOMBE 2CM MARMOL VERDE STAMP.,"5,090000153",315.7311,L,148.0,,VIA 532 593 BOMBE 2CM MARMOL VERDE STAMP. L
VIA,532 852,BOMBE 2CM TEXTURA 852,"5,5",360.7081,L,149.0,,VIA 532 852 BOMBE 2CM TEXTURA 852 L
VIA,532 855,BOMBE 2CM TEXTURA 855,2,360.7081,L,150.0,,VIA 532 855 BOMBE 2CM TEXTURA 855 L
VIA,532 856,BOMBE 2CM TEXRURA 856,6,360.7081,L,151.0,,VIA 532 856 BOMBE 2CM TEXRURA 856 L
VIA,532 315,BOMBE 2CM GRIS ACERO,11,315.7311,L,152.0,,VIA 532 315 BOMBE 2CM GRIS ACERO L
VIA,751  288,BOMBE 3CM ART 7501-28 DECAPE MULTICOLOR,"5,869999886",380.6549,L,153.0,,VIA 751  288 BOMBE 3CM ART 7501-28 DECAPE MULTICOLOR L
VIA,415 600,BOMBE 1.5CM RAIZ CAOBA,"14,97000027",332.6738,L,154.0,,VIA 415 600 BOMBE 1.5CM RAIZ CAOBA L
VIA,415 120,BOMBE 1.5CM NEGRO,"-4,550000668",261.4074,L,156.0,,VIA 415 120 BOMBE 1.5CM NEGRO L
VIA,430 758,BOMBE 3CM NEGRO MATE,"0,01",499.904,L,157.0,,VIA 430 758 BOMBE 3CM NEGRO MATE L
VIA,532 120,BOMBE 2CM NEGRO,"5,279999733",292.4491,L,158.0,,VIA 532 120 BOMBE 2CM NEGRO L
VIA,533 739,BOMBE 3CM ALTA ACRIL FRAMB MATE,"9,539999962",233.4041,L,159.0,,VIA 533 739 BOMBE 3CM ALTA ACRIL FRAMB MATE L
VIA,533 732,BOMBE 3CM ALTA ACRIL VERDE MATE,"-0,010000584",233.4041,L,160.0,,VIA 533 732 BOMBE 3CM ALTA ACRIL VERDE MATE L
VIA,4310 012,CHATA 1CM HOJA ORO RAYADA,"28,46002579",1900.0,L,161.0,,VIA 4310 012 CHATA 1CM HOJA ORO RAYADA L
VIA,315 012,"CHATA 1,5CM HOJA ORO RAYADA","1,349998236",303.5154,L,162.0,,"VIA 315 012 CHATA 1,5CM HOJA ORO RAYADA L"
VIA,320 012,CHATA 2CM HOJA ORO RAYADA,"-0,259998202",489.0,L,163.0,,VIA 320 012 CHATA 2CM HOJA ORO RAYADA L
VIA,330 012,CHATA 3CM HOJA RAYADA,"4,429999352",495.6597,L,164.0,,VIA 330 012 CHATA 3CM HOJA RAYADA L
VIA,172 012,BATEA 4CM HOJA RAYADA,"2,389999628",863.887,L,165.0,,VIA 172 012 BATEA 4CM HOJA RAYADA L
VIA,533 833,BOMBE 3CM ALTA PIEDRA 833,"0,899999976",537.2484,L,167.0,,VIA 533 833 BOMBE 3CM ALTA PIEDRA 833 L
VIA,533 733,BOMBE 3CM ACRIL AZUL MATE,"1,52588E-07",233.4041,L,168.0,,VIA 533 733 BOMBE 3CM ACRIL AZUL MATE L
VIA,533 735,BOMBE 3CM ACRIL NEGRO MATE,"8,429998398",233.4041,L,169.0,,VIA 533 735 BOMBE 3CM ACRIL NEGRO MATE L
VIA,533 120,BOMBE 3CM ALTA NEGRO,"4,140000343",537.2484,L,171.0,,VIA 533 120 BOMBE 3CM ALTA NEGRO L
VIA,567 833,BOMBE 5CM PIEDRA 833,"5,500000477",650.9808,L,173.0,,VIA 567 833 BOMBE 5CM PIEDRA 833 L
VIA,798 288,BOMBE 5CM DECAPE MULTICOLOR,"9,029999733",707.415,L,174.0,,VIA 798 288 BOMBE 5CM DECAPE MULTICOLOR L
JR,20,BOMBE 1 CM VERDE INGLES,"19,5",118.3587,L,1.0,,JR 20 BOMBE 1 CM VERDE INGLES L
JR,22,BOMBE 1.5 CM VERDE INGLES,"15,65999985",139.8415,L,2.0,,JR 22 BOMBE 1.5 CM VERDE INGLES L
PPA,001,GRIS PERLA,"8,179965019",2850.0,P,3.0,"0,699999988",PPA 001 GRIS PERLA P
PPA,002,CARDENAL,"4,020000458",2850.0,P,4.0,"0,699999988",PPA 002 CARDENAL P
PPA,003,CYAN,"5,030000687",2850.0,P,5.0,"0,699999988",PPA 003 CYAN P
PPA,004,AZUL MARINO,"-0,660000026",900.0,P,6.0,"0,699999988",PPA 004 AZUL MARINO P
PPA,005,VERDE INGLES,"-2,329999924",2850.0,P,7.0,"0,699999988",PPA 005 VERDE INGLES P
PPA,006,MARRON,0,2850.0,P,8.0,"0,699999988",PPA 006 MARRON P
PPA,007,LILA AROSADO INTENSO -FUCSIA-,"9,340000153",2850.0,P,9.0,"0,699999988",PPA 007 LILA AROSADO INTENSO -FUCSIA- P
PPA,008,PETROLEO,"8,329999924",2850.0,P,10.0,"0,699999988",PPA 008 PETROLEO P
PPA,009,OCRE,9,2850.0,P,11.0,"0,699999988",PPA 009 OCRE P
PPA,010,TOPO,"44,36000061",2850.0,P,12.0,"0,699999988",PPA 010 TOPO P
VCO,..,VIDRIO COMUN,"86,80932617",8200.0,S,13.0,,VCO .. VIDRIO COMUN S
VDI,..,VIDRIO DIFUSO,"259,449646",9900.0,S,14.0,,VDI .. VIDRIO DIFUSO S
ESP,..,ESPEJO 3 MM,999,13050.0,S,15.0,,ESP .. ESPEJO 3 MM S
PPA,011,ESMERALDA,"12,49006081",2850.0,P,16.0,"0,699999988",PPA 011 ESMERALDA P
PPS,040,MARMOL VERDE OSCURO,0,951.775,P,38.0,"0,800000012",PPS 040 MARMOL VERDE OSCURO P
PPS,041,MARMOL BEIGE OSCURO,"-3,329999924",951.775,P,39.0,"0,800000012",PPS 041 MARMOL BEIGE OSCURO P
PPS,042,MARMOL BORDEAUX MEDIO,0,951.775,P,40.0,"0,800000012",PPS 042 MARMOL BORDEAUX MEDIO P
PPS,043,MARMOL BORDEAUX OSCURO,0,951.775,P,41.0,"0,800000012",PPS 043 MARMOL BORDEAUX OSCURO P
PPS,044,MARMOL AZUL MEDIO,0,951.775,P,42.0,"0,800000012",PPS 044 MARMOL AZUL MEDIO P
PPS,045,MARMOL AZUL CLARO,0,951.775,P,43.0,"0,800000012",PPS 045 MARMOL AZUL CLARO P
PPS,046,MARMOL VERDE CLARO,0,951.775,P,44.0,"0,800000012",PPS 046 MARMOL VERDE CLARO P
PPS,047,MARMOL GRIS CLARO,0,951.775,P,45.0,"0,800000012",PPS 047 MARMOL GRIS CLARO P
PPS,048,MARMOL SALMON,0,951.775,P,46.0,"0,800000012",PPS 048 MARMOL SALMON P
PPS,049,MARMOL GRIS OSCURO,"-0,670000017",951.775,P,47.0,"0,800000012",PPS 049 MARMOL GRIS OSCURO P
PPS,050,MARMOL BEIGE CLARO,"-0,330000013",951.775,P,48.0,"0,800000012",PPS 050 MARMOL BEIGE CLARO P
PPS,051,MARMOL GRIS MANTECA,"-0,670000017",951.775,P,49.0,"0,800000012",PPS 051 MARMOL GRIS MANTECA P
PPS,052,MARMOL GRIS MEDIO,"-0,670000017",951.775,P,50.0,"0,800000012",PPS 052 MARMOL GRIS MEDIO P
PPS,053,MARMOL BORDEAUX CLARO,0,951.775,P,51.0,"0,800000012",PPS 053 MARMOL BORDEAUX CLARO P
PPS,054,MARMOL AZUL OSCURO,0,951.775,P,52.0,"0,800000012",PPS 054 MARMOL AZUL OSCURO P
FG,..,PATINA,"271,5403442",1100.0,L,53.0,,FG .. PATINA L
PPA,012,LACRE,"4,979999542",2850.0,P,54.0,"0,699999988",PPA 012 LACRE P
PPA,013,LILA,"81,44000244",2850.0,P,55.0,"0,699999988",PPA 013 LILA P
PPA,014,MUSGO,"8,329999924",2850.0,P,56.0,"0,699999988",PPA 014 MUSGO P
PPA,016=108,NEGRO MATE,"452,7498169",2850.0,P,57.0,"0,699999988",PPA 016=108 NEGRO MATE P
PPA,017,SIENA TOSTADA,"0,679999709",2850.0,P,58.0,"0,699999988",PPA 017 SIENA TOSTADA P
PPA,018,GIRASOL,"-0,329999983",2850.0,P,59.0,"0,699999988",PPA 018 GIRASOL P
PPA,019,MANZANA,"-1,690000296",2850.0,P,60.0,"0,699999988",PPA 019 MANZANA P
PPA,020,CREMA,0,2850.0,P,61.0,"0,699999988",PPA 020 CREMA P
PPA,021,CORAL,99,2850.0,P,62.0,"0,699999988",PPA 021 CORAL P
PPA,022,OXIDO,"9,499998093",2850.0,P,63.0,"0,699999988",PPA 022 OXIDO P
PPA,023,NEGRO,"-0,660000026",2850.0,P,64.0,"0,699999988",PPA 023 NEGRO P
PPA,024,SEPIA,"8,659999847",2850.0,P,65.0,"0,699999988",PPA 024 SEPIA P
PPA,025,GRIS CLARO,"-1,360000014",2850.0,P,66.0,"0,699999988",PPA 025 GRIS CLARO P
PPA,027,PLATA,0,2850.0,P,67.0,"0,699999988",PPA 027 PLATA P
PPA,028,FRANCIA,"16,68000031",2850.0,P,68.0,"0,699999988",PPA 028 FRANCIA P
PPA,029,VIOLETA,"3,680000305",2850.0,P,69.0,"0,699999988",PPA 029 VIOLETA P
PPA,030,BORDO,"11,72000122",2850.0,P,70.0,"0,699999988",PPA 030 BORDO P
PPA,031,ALERCE,"-7,990000248",2850.0,P,71.0,"0,699999988",PPA 031 ALERCE P
PPA,032,BEIGE,"0,930000246",2850.0,P,72.0,"0,699999988",PPA 032 BEIGE P
PPA,034,SALMON,"5,360000134",2850.0,P,73.0,"0,699999988",PPA 034 SALMON P
PPA,035,MENTA,"74,42999268",2850.0,P,74.0,"0,699999988",PPA 035 MENTA P
PPA,036,ROSA,"7,329999924",2850.0,P,75.0,"0,699999988",PPA 036 ROSA P
PPA,037,HABANO,"4,340000153",2850.0,P,76.0,"0,699999988",PPA 037 HABANO P
PPA,039,ROSA VIEJO,0,2850.0,P,77.0,"0,699999988",PPA 039 ROSA VIEJO P
PPA,040,ARENA,"-3,000000238",2850.0,P,78.0,"0,699999988",PPA 040 ARENA P
PPA,041,AMARILLO SUAVE PASTEL,"7,010000229",2850.0,P,79.0,"0,699999988",PPA 041 AMARILLO SUAVE PASTEL P
PPA,042,OLIVA,"-1,340000033",2850.0,P,80.0,"0,699999988",PPA 042 OLIVA P
PPA,043,AMARILLO MAIZ,"0,68999964",2850.0,P,81.0,"0,699999988",PPA 043 AMARILLO MAIZ P
PPA,044,GRIS VERDOSO CEMENTO,"-4,03000021",2850.0,P,82.0,"0,699999988",PPA 044 GRIS VERDOSO CEMENTO P
PPA,045,AMARILLO MEDIO PASTEL,"-3,000000238",2850.0,P,83.0,"0,699999988",PPA 045 AMARILLO MEDIO PASTEL P
PPA,046,ELYSEE,"88,3500061",2850.0,P,84.0,"0,699999988",PPA 046 ELYSEE P
PPA,047,SILVESTRE,"6,360000134",2850.0,P,85.0,"0,699999988",PPA 047 SILVESTRE P
PPA,048,COBALTO,"98,48000336",2850.0,P,86.0,"0,699999988",PPA 048 COBALTO P
PPA,049,ACERO,"1,330000043",2850.0,P,87.0,"0,699999988",PPA 049 ACERO P
PPA,050,BORDEAUX,"52,4600029",2850.0,P,88.0,"0,699999988",PPA 050 BORDEAUX P
PPA,051,OSCURO,3,2850.0,P,89.0,"0,699999988",PPA 051 OSCURO P
PPA,052,LAVANDA,9,2850.0,P,90.0,"0,699999988",PPA 052 LAVANDA P
PPA,053,UVA,"2,979999542",2850.0,P,91.0,"0,699999988",PPA 053 UVA P
PPA,054,CALA,"-0,319999754",2850.0,P,92.0,"0,699999988",PPA 054 CALA P
PPA,056,BRUMA,"11,10000038",2850.0,P,93.0,"0,699999988",PPA 056 BRUMA P
PPA,057,VERDE OLIVA CLARO,"0,319999665",2850.0,P,94.0,"0,699999988",PPA 057 VERDE OLIVA CLARO P
PPA,058,AMARILLO CLARO PASTEL,"7,329999924",2850.0,P,95.0,"0,699999988",PPA 058 AMARILLO CLARO PASTEL P
PPA,059,TUCAN,"81,31999969",2850.0,P,96.0,"0,699999988",PPA 059 TUCAN P
PPA,060,VERDE MUSGO,"95,67999268",2850.0,P,97.0,"0,699999988",PPA 060 VERDE MUSGO P
PPA,061=112,VERDE SEMI OSCURO,"78,01012421",2850.0,P,98.0,"0,699999988",PPA 061=112 VERDE SEMI OSCURO P
PPA,062,BOSQUE,"59,51000595",2850.0,P,99.0,"0,699999988",PPA 062 BOSQUE P
PPA,063,PIEL,"-7,169999599",2850.0,P,100.0,"0,699999988",PPA 063 PIEL P
PPA,064=110,PAPEL MADERA = KRAFT,"60,03997803",2850.0,P,101.0,"0,699999988",PPA 064=110 PAPEL MADERA = KRAFT P
PPA,065,PAPEL MADERA CLARO,"-3,979999781",2850.0,P,102.0,"0,699999988",PPA 065 PAPEL MADERA CLARO P
PPA,067,AMARILLO CLARO PASTEL,"0,979999483",2850.0,P,103.0,"0,699999988",PPA 067 AMARILLO CLARO PASTEL P
PPA,068,LACRE INTENSO,"7,340000153",2850.0,P,104.0,"0,699999988",PPA 068 LACRE INTENSO P
PPA,069,COBRE CLARO,"3,340000153",2850.0,P,105.0,"0,699999988",PPA 069 COBRE CLARO P
PPA,070,BLANCO PERLE,"9,790000916",2850.0,P,106.0,"0,699999988",PPA 070 BLANCO PERLE P
PPA,071,MARRON,"92,66999817",2850.0,P,107.0,"0,699999988",PPA 071 MARRON P
PPA,072,CRUDO,"93,01000214",2850.0,P,108.0,"0,699999988",PPA 072 CRUDO P
PPA,073,ROSA PALIDO,"94,66999817",2850.0,P,109.0,"0,699999988",PPA 073 ROSA PALIDO P
PPA,074,CELESTE PALIDO,-2,2850.0,P,110.0,"0,699999988",PPA 074 CELESTE PALIDO P
PPA,075=127,MOSTAZA,"78,63999939",2850.0,P,111.0,"0,699999988",PPA 075=127 MOSTAZA P
PPA,076,SALMON,"93,31000519",2850.0,P,112.0,"0,699999988",PPA 076 SALMON P
PPA,077,ROSA DIOR,"95,66999817",2850.0,P,113.0,"0,699999988",PPA 077 ROSA DIOR P
PPA,078=128,AZUL NOCHE,"7,570087433",2850.0,P,114.0,"0,699999988",PPA 078=128 AZUL NOCHE P
PPA,079,ESMERALDA PASTEL,"84,99000549",2850.0,P,115.0,"0,699999988",PPA 079 ESMERALDA PASTEL P
PPA,080,SACRAMENTO,"97,01000214",2850.0,P,116.0,"0,699999988",PPA 080 SACRAMENTO P
PPA,081,AREIA AMARILLO CLARO,"59,71998215",2850.0,P,117.0,"0,699999988",PPA 081 AREIA AMARILLO CLARO P
PPA,082,AMARILLO CREMOSO,"98,33000183",2850.0,P,118.0,"0,699999988",PPA 082 AMARILLO CREMOSO P
PPA,083,BLANCO AMARILLENTO,"93,32000732",2850.0,P,119.0,"0,699999988",PPA 083 BLANCO AMARILLENTO P
PPA,084,FRENCH BEIGE,"92,33999634",2850.0,P,120.0,"0,699999988",PPA 084 FRENCH BEIGE P
PPA,085, AZUL ELECTRICO,"96,66999817",2850.0,P,121.0,"0,699999988",PPA 085  AZUL ELECTRICO P
PPA,087,BLANCO ANTIGUO,"94,33999634",2850.0,P,122.0,"0,699999988",PPA 087 BLANCO ANTIGUO P
PPA,088,PORCELANA,"93,83000183",2850.0,P,123.0,"0,699999988",PPA 088 PORCELANA P
PPA,089,AMARILLO SKIN,"90,44999695",2850.0,P,124.0,"0,699999988",PPA 089 AMARILLO SKIN P
PPA,090,CREMA AMARILLA,"95,01000214",2850.0,P,125.0,"0,699999988",PPA 090 CREMA AMARILLA P
PPA,091,TIZA,"85,02000427",2850.0,P,126.0,"0,699999988",PPA 091 TIZA P
PPA,092,NATURAL,"88,33999634",2850.0,P,127.0,"0,699999988",PPA 092 NATURAL P
PPA,093,CREMA ROSA CLARO,"91,37000275",2850.0,P,128.0,"0,699999988",PPA 093 CREMA ROSA CLARO P
PPA,094,TIZA ROSA CLARO,"6,010000229",2850.0,P,129.0,"0,699999988",PPA 094 TIZA ROSA CLARO P
PPA,095=104,BLANCO,"212,8000336",2850.0,P,130.0,"0,699999988",PPA 095=104 BLANCO P
PPA,096,MADERA CLARO,"87,01999664",2850.0,P,131.0,"0,699999988",PPA 096 MADERA CLARO P
PPA,097,NEGRO BRILLANTE,0,2850.0,P,132.0,"0,699999988",PPA 097 NEGRO BRILLANTE P
PPA,098,ANTIQUE,"78,69000244",2850.0,P,133.0,"0,699999988",PPA 098 ANTIQUE P
PPA,099,MANTECA,"80,04999542",2850.0,P,134.0,"0,699999988",PPA 099 MANTECA P
PPA,100,MANTECA,"95,33999634",2850.0,P,135.0,"0,699999988",PPA 100 MANTECA P
JR,23,BOMBE 2CM. VERDE INGLES MATE,"5,17000103",168.6541,L,138.0,,JR 23 BOMBE 2CM. VERDE INGLES MATE L
JR,175,BATEA 2CM PAT COMB 14,"7,800000191",131.6537,L,142.0,,JR 175 BATEA 2CM PAT COMB 14 L
PPE,046,ELYSEE,"26,84998703",309.6015,P,230.0,"0,699999988",PPE 046 ELYSEE P
PPE,004,AZUL MARINO,"95,66000366",309.6015,P,231.0,"0,699999988",PPE 004 AZUL MARINO P
PPE,105,NOCHE,"-0,670000017",402.4821,P,232.0,"0,75",PPE 105 NOCHE P
PPE,107,PERSIA,"-0,330000013",402.4821,P,233.0,"0,75",PPE 107 PERSIA P
PPE,106,AGUAMARINA,"-5,980000019",402.4821,P,234.0,"0,75",PPE 106 AGUAMARINA P
PPE,030,BORDO,"97,98999786",309.6015,P,235.0,"0,699999988",PPE 030 BORDO P
PPE,023,NEGRO,100,309.6015,P,236.0,"0,699999988",PPE 023 NEGRO P
PPE,047,SILVESTRE,"88,3500061",391.0,P,237.0,"0,699999988",PPE 047 SILVESTRE P
PPE,048,COBALTO,"67,24996948",309.6015,P,238.0,"0,699999988",PPE 048 COBALTO P
PPE,194 M,BURGUNDY,0,2167.2128,P,239.0,"0,800000012",PPE 194 M BURGUNDY P
PPE,102 M,RIVERBANK,"-1,330000043",2167.2128,P,240.0,"0,800000012",PPE 102 M RIVERBANK P
PPE,113 M,CAVALIER BLUE,"-1,330000043",2167.2128,P,241.0,"0,800000012",PPE 113 M CAVALIER BLUE P
PPE,117 M,BLACK,"-2,660000086",2167.2128,P,242.0,"0,800000012",PPE 117 M BLACK P
PPE,165 M,JESTER GREEN,0,2167.2128,P,243.0,"0,800000012",PPE 165 M JESTER GREEN P
PPE,155 M,DRAGONWYCK,0,2167.2128,P,244.0,"0,800000012",PPE 155 M DRAGONWYCK P
PPE,9 B,WHITE,"-3,339999914",2167.2128,P,245.0,"1,549999952",PPE 9 B WHITE P
PPE,115 B,QUEEN IVORY,"-2,670000076",2167.2128,P,246.0,"1,549999952",PPE 115 B QUEEN IVORY P
PPE,191 B,HONEY,"-7,319999695",2167.2128,P,247.0,"1,549999952",PPE 191 B HONEY P
PPE,165 B,JESTER GREEN,"-4,319999695",2167.2128,P,248.0,"1,549999952",PPE 165 B JESTER GREEN P
PPE,155 B,DRAGONWYCK,-1,2167.2128,P,249.0,"1,549999952",PPE 155 B DRAGONWYCK P
PPE,194 B,BURGUNDY,"-4,659999847",2167.2128,P,250.0,"1,549999952",PPE 194 B BURGUNDY P
PPE,113 B,CAVALIER BLUE,"-3,659999847",2167.2128,P,251.0,"1,549999952",PPE 113 B CAVALIER BLUE P
PPE,117 B,BLACK,-1,2167.2128,P,252.0,"1,549999952",PPE 117 B BLACK P
PPE,191 S,HONEY,-4,1145.5256,P,253.0,"0,75",PPE 191 S HONEY P
PPE,165 S,JESTER GREEN,-15,1145.5256,P,254.0,"0,75",PPE 165 S JESTER GREEN P
PPE,155 S,DRAGONWYCK,"-4,010000229",1145.5256,P,255.0,"0,75",PPE 155 S DRAGONWYCK P
PPE,194 S,BURGUNDY,"-4,670000076",1145.5256,P,256.0,"0,75",PPE 194 S BURGUNDY P
PPE,113 S,CAVALIER BLUE,"-1,99000001",1145.5256,P,257.0,"0,75",PPE 113 S CAVALIER BLUE P
PPE,117 S,BLACK,"-1,669999957",1145.5256,P,258.0,"0,75",PPE 117 S BLACK P
CHA,0,CHAPADUR,"257,5802612",5225.0,S,260.0,0,CHA 0 CHAPADUR S
FG,001,PATINA PASSE PARTOUT,"-3,5",530.6282,S,262.0,0,FG 001 PATINA PASSE PARTOUT S
MOL,1036-5,"ART 1036-5 4,5 CM","0,370000005",25.9024,L,266.0,0,"MOL 1036-5 ART 1036-5 4,5 CM L"
MOL,2005,MOLDURA GRABADA 4 CM EN PASTA,"1,709999919",76.1836,L,268.0,0,MOL 2005 MOLDURA GRABADA 4 CM EN PASTA L
TAN,287 1,ITALIANA 2CM PATINA HUESO,0,130.4775,L,272.0,0,TAN 287 1 ITALIANA 2CM PATINA HUESO L
TAN,287 2,ITALIANA 2CM PATINA ROSA,0,130.4775,L,273.0,0,TAN 287 2 ITALIANA 2CM PATINA ROSA L
TAN,287 4,ITALIANA 2CM PATINA AZUL,"35,27000046",130.4775,L,275.0,0,TAN 287 4 ITALIANA 2CM PATINA AZUL L
TAN,287 5,ITALIANA 2CM PATINA CELESTE,0,130.4775,L,276.0,0,TAN 287 5 ITALIANA 2CM PATINA CELESTE L
TAN,287 6,ITALIANA 2CM PATINA VERDE  ORO,0,130.4775,L,277.0,0,TAN 287 6 ITALIANA 2CM PATINA VERDE  ORO L
TAN,287 7,ITALIANA 2CM PATINA OBISPO,"34,07999802",130.4775,L,278.0,0,TAN 287 7 ITALIANA 2CM PATINA OBISPO L
TAN,547 2,ITALIANA 3CM PATINA ROSA,0,176.3188,L,280.0,0,TAN 547 2 ITALIANA 3CM PATINA ROSA L
TAN,547 3,ITALIANA 3CM PATINA VERDE,"3,039999962",176.3188,L,281.0,0,TAN 547 3 ITALIANA 3CM PATINA VERDE L
TAN,547 4,ITALIANA 3CM PATINA AZUL,"24,44999886",176.3188,L,282.0,0,TAN 547 4 ITALIANA 3CM PATINA AZUL L
TAN,547 5,ITALIANA 3CM PATINA CELESTE,"-5,690000057",176.3188,L,283.0,0,TAN 547 5 ITALIANA 3CM PATINA CELESTE L
TAN,547 6,ITALIANA 3CM PATINA VERDE ORO,"4,069999218",176.3188,L,284.0,0,TAN 547 6 ITALIANA 3CM PATINA VERDE ORO L
TAN,547 7,ITALIANA 3CM PATINA OBISPO,"13,81000042",176.3188,L,285.0,0,TAN 547 7 ITALIANA 3CM PATINA OBISPO L
TAN,548 4,"ITALIANA 4,5CM PATINA AZUL","-0,100000039",229.2095,L,286.0,0,"TAN 548 4 ITALIANA 4,5CM PATINA AZUL L"
TAN,548 6,"ITALIANA 4,5CM PATINA VERDE ORO","6,220000267",229.2095,L,288.0,0,"TAN 548 6 ITALIANA 4,5CM PATINA VERDE ORO L"
TAN,549 001,"ITALIANA 6,5CM VIROLA","-11,75",476.0553,L,289.0,0,"TAN 549 001 ITALIANA 6,5CM VIROLA L"
VBI,..,BISELADO  DE  3CM.,"-14,510005",397.9672,L,291.0,0,VBI .. BISELADO  DE  3CM. L
VCR,..,CRISTAL  DE  5mm.,"71,76000977",3465.0305,S,292.0,0,VCR .. CRISTAL  DE  5mm. S
JR,175,BATEA 2CM PAT. COMB. KO-3,"5,360000134",131.6537,L,417.0,0,JR 175 BATEA 2CM PAT. COMB. KO-3 L
PPA,102=120,NIZA VERDE  CEMENTO PERLADO,"82,91000366",2850.0,P,419.0,"0,699999988",PPA 102=120 NIZA VERDE  CEMENTO PERLADO P
PPE,005,VERDE INGLES,99,309.6015,P,420.0,"0,699999988",PPE 005 VERDE INGLES P
PPE,010 B,CREAM,"-3,329999924",2167.2128,P,421.0,"1,549999952",PPE 010 B CREAM P
PPE,101,MAIZ,100,309.6015,P,422.0,"0,699999988",PPE 101 MAIZ P
PPE,103,PIEDRA CALIZA    ''PRIOR'',"-0,99000001",402.4821,P,423.0,"0,75",PPE 103 PIEDRA CALIZA    ''PRIOR'' P
PPE,104,ARRAYAN,-1,402.4821,P,424.0,"0,75",PPE 104 ARRAYAN P
PPE,108,FLOWER,"-1,320000052",1145.5256,P,425.0,"0,75",PPE 108 FLOWER P
PPE,109 M,TALC,0,2167.2128,P,426.0,"0,800000012",PPE 109 M TALC P
PPE,110,MIGUEL ANGEL,"-1,330000043",402.4821,P,427.0,"0,75",PPE 110 MIGUEL ANGEL P
PPE,112,BISHOP BLUE,"-11,32999992",1145.5256,P,428.0,"0,75",PPE 112 BISHOP BLUE P
PPE,114 M,GRANITE,0,2167.2128,P,429.0,"0,800000012",PPE 114 M GRANITE P
PPE,128 M,ROSEBUD,0,2167.2128,P,431.0,"0,800000012",PPE 128 M ROSEBUD P
PPE,135,ROSETTE,0,1145.5256,P,432.0,"0,75",PPE 135 ROSETTE P
PPE,129,LAVA,"-0,330000013",1145.5256,P,433.0,"0,75",PPE 129 LAVA P
PPE,136,WINDSOR BLUE,"-2,329999924",1145.5256,P,434.0,"0,75",PPE 136 WINDSOR BLUE P
PPE,146,SAGE,"-13,32999992",1145.5256,P,435.0,"0,75",PPE 146 SAGE P
PPE,167,NEW TEAL,0,1145.5256,P,436.0,"0,75",PPE 167 NEW TEAL P
PPE,178,NATURAL GRAY,"-1,340000033",1145.5256,P,437.0,"0,75",PPE 178 NATURAL GRAY P
PPE,018,GIRASOL,"83,02999878",391.0,P,438.0,"0,699999988",PPE 018 GIRASOL P
PPE,182,FRENCH BEIGE,"-22,35000038",1145.5256,P,439.0,"0,75",PPE 182 FRENCH BEIGE P
PPE,184,MINGO,"-0,99000001",1145.5256,P,440.0,"0,75",PPE 184 MINGO P
PPE,189,TERRA COTTA,"-2,339999914",1145.5256,P,441.0,"0,75",PPE 189 TERRA COTTA P
PPE,191 M,HONEY MARMOLADO,0,2167.2128,P,442.0,"0,800000012",PPE 191 M HONEY MARMOLADO P
PPE,028,AZUL FRANCIA,100,309.6015,P,443.0,"0,699999988",PPE 028 AZUL FRANCIA P
PPE,032,BEIGE,99,391.0,P,444.0,"0,699999988",PPE 032 BEIGE P
PPE,412 B,GOLD MIDNIGHT,"-2,670000076",1548.0088,P,445.0,"0,75",PPE 412 B GOLD MIDNIGHT P
PPE,049,ACERO,"75,64001465",309.6015,P,446.0,"0,699999988",PPE 049 ACERO P
PPE,051,VERDE OSCURO,100,309.6015,P,447.0,"0,699999988",PPE 051 VERDE OSCURO P
PPE,15 S,SCOTCH GRAY,0,1145.5256,P,456.0,"0,75",PPE 15 S SCOTCH GRAY P
PPE,102 S,RIVERBANK,-5,1145.5256,P,469.0,"0,75",PPE 102 S RIVERBANK P
PPE,159 S,STORMY WEATHER,"-7,329999924",1145.5256,P,470.0,"0,75",PPE 159 S STORMY WEATHER P
PPE,147 S,WILD BLUE,"-1,99000001",1145.5256,P,471.0,"0,75",PPE 147 S WILD BLUE P
PPE,139 S,ROSSETE  BLAKING,0,1145.5256,P,472.0,"0,75",PPE 139 S ROSSETE  BLAKING P
PPE,994 S,CHAMOIS GOLD,"-1,330000043",1145.5256,P,473.0,"0,75",PPE 994 S CHAMOIS GOLD P
PPE,3319 S,TOPAZ,"-4,329999924",1145.5256,P,474.0,"0,75",PPE 3319 S TOPAZ P
PPA,109=070,PALM,"72,44998932",2850.0,P,475.0,"0,699999988",PPA 109=070 PALM P
PPA,121,OCRE,"86,01999664",2850.0,P,476.0,"0,699999988",PPA 121 OCRE P
PPA,123,CELESTE  INTENSO,"57,66999054",2850.0,P,477.0,"0,699999988",PPA 123 CELESTE  INTENSO P
PPA,124,APPLE VERDE  CALIPSO,"88,6700058",2850.0,P,478.0,"0,699999988",PPA 124 APPLE VERDE  CALIPSO P
PPA,125,IVY VERDE  AGRISADO,"55,96001816",2850.0,P,479.0,"0,699999988",PPA 125 IVY VERDE  AGRISADO P
PPA,130,BRONCE,"81,32000732",2850.0,P,480.0,"0,699999988",PPA 130 BRONCE P
PPE,986 S,TAMPICO BROWN,-3,1145.5256,P,483.0,"0,75",PPE 986 S TAMPICO BROWN P
VAG,005 ROPT,VARILLA  AGUILAR SINTET. 005 RO PT,"1,839999795",16.6218,L,497.0,0,VAG 005 ROPT VARILLA  AGUILAR SINTET. 005 RO PT L
VAG,005 RO83,VARILLA  AGUILAR SINTET. 005 RO 83,"-0,030000458",16.6218,L,498.0,0,VAG 005 RO83 VARILLA  AGUILAR SINTET. 005 RO 83 L
VAG,001 M83,VARILLA  AGUILAR SINTET. 001 M83,"1,069999099",11.0812,L,499.0,0,VAG 001 M83 VARILLA  AGUILAR SINTET. 001 M83 L
VAG,007 M83,VARILLA  AGUILAR SINTET. 007 842 M83,"0,190000042",19.3922,L,500.0,0,VAG 007 M83 VARILLA  AGUILAR SINTET. 007 842 M83 L
VAG,007 PT,VARILLA  AGUILAR SINTET. 007 842 PT,"-1,52588E-07",19.3922,L,501.0,0,VAG 007 PT VARILLA  AGUILAR SINTET. 007 842 PT L
AG,000,ACRILICO PARA MADERA,0,600.0,L,502.0,0,AG 000 ACRILICO PARA MADERA L
ENT,000,ENTELADO PARA CHANFLE,"29,35999107",454.1336,L,503.0,0,ENT 000 ENTELADO PARA CHANFLE L
VAG,506 01,MOLDURA MADERA 9.5 CM.,0,63.7172,L,511.0,0,VAG 506 01 MOLDURA MADERA 9.5 CM. L
JR,20,BOMBE 1CM. ROJO BRILLANTE,"14,31999969",118.3587,L,512.0,0,JR 20 BOMBE 1CM. ROJO BRILLANTE L
JR,23,BOMBE  2CM  RAIZ  CAOBA,"6,759999752",236.8371,L,519.0,0,JR 23 BOMBE  2CM  RAIZ  CAOBA L
SUR,230 012,BOMBE 5CM HOJA CON  FRISA,"2,25",81.3533,L,535.0,0,SUR 230 012 BOMBE 5CM HOJA CON  FRISA L
TAN,1220 001,BOMBE L 2CM. KIRI,"1,119988322",270.6379,L,603.0,0,TAN 1220 001 BOMBE L 2CM. KIRI L
OVA,1,OVALO 12 X 18 INT. TIZA,1,454.1246,U,609.0,0,OVA 1 OVALO 12 X 18 INT. TIZA U
OVA,2,OVALO 18 X 24 INT. TIZA,6,700.6483,U,610.0,0,OVA 2 OVALO 18 X 24 INT. TIZA U
OVA,3,OVALO 24 X 30 INT. TIZA,2,1043.1868,U,611.0,0,OVA 3 OVALO 24 X 30 INT. TIZA U
OVA,4,OVALO 30 X 40 INT. TIZA,1,1220.2949,U,612.0,0,OVA 4 OVALO 30 X 40 INT. TIZA U
OVA,5,OVALO 40 X 50 INT. TIZA,0,2773.3977,U,613.0,0,OVA 5 OVALO 40 X 50 INT. TIZA U
OVA,6,OVALO 70 X 50 EXT. TIZA,2,3965.4206,U,614.0,0,OVA 6 OVALO 70 X 50 EXT. TIZA U
OVA,7,OVALO 70 X 100 EXT. TIZA,0,5168.9235,U,615.0,0,OVA 7 OVALO 70 X 100 EXT. TIZA U
CIR,2,CIRCULO DE 60 EXT. TIZA,1,332.1522,U,616.0,0,CIR 2 CIRCULO DE 60 EXT. TIZA U
CIR,1,CIRCULO DE 18.5 INT. TIZA,1,157.1164,U,617.0,0,CIR 1 CIRCULO DE 18.5 INT. TIZA U
REC,1,RECTANG. PUN. REDONDA 18X24,1,59.8389,U,618.0,0,REC 1 RECTANG. PUN. REDONDA 18X24 U
REC,2,RECTANG. PUN. REDONDA 24X30,4,89.0935,U,619.0,0,REC 2 RECTANG. PUN. REDONDA 24X30 U
OVA,8,OVALO 26 X 34 INT. TIZA,1,1135.3096,U,620.0,0,OVA 8 OVALO 26 X 34 INT. TIZA U
CAP,1,CAPILLA 38 X 54 INT. TIZA,0,311.6604,U,621.0,0,CAP 1 CAPILLA 38 X 54 INT. TIZA U
ALA,1,ALAMBRE FINO,6,236.7136,U,622.0,0,ALA 1 ALAMBRE FINO U
ALA,2,ALAMBRE MEDIANO,3,261.2011,U,623.0,0,ALA 2 ALAMBRE MEDIANO U
ALA,3,ALAMBRE GRUESO,5,335.8067,U,624.0,0,ALA 3 ALAMBRE GRUESO U
ALA,4,ALAMBRE EXTRA,4,461.7547,U,625.0,0,ALA 4 ALAMBRE EXTRA U
PIT,1,PITONES 14 X 20 -300 U-,4,73.2154,U,626.0,0,PIT 1 PITONES 14 X 20 -300 U- U
PIT,2,PITONES 15 X 25 -300 U-,5,73.2154,U,627.0,0,PIT 2 PITONES 15 X 25 -300 U- U
PIT,3,PITONES 16 X 30 -200 U-,7,73.2154,U,628.0,0,PIT 3 PITONES 16 X 30 -200 U- U
PIT,4,PITONES 17 X 35 -200 U-,6,73.2154,U,629.0,0,PIT 4 PITONES 17 X 35 -200 U- U
SOP,1,SOPORTES CUADROS N*20 -100U-,1,415.5472,U,630.0,0,SOP 1 SOPORTES CUADROS N*20 -100U- U
SOP,2,SOPORTES CUADROS N*25 -100U-,3,484.8052,U,631.0,0,SOP 2 SOPORTES CUADROS N*25 -100U- U
SOP,3,SOPORTES CUADROS N*35 -100U-,5,519.434,U,632.0,0,SOP 3 SOPORTES CUADROS N*35 -100U- U
PRE,1,PRENSA VIDRIO 26CH -UNIT-,129,6.1838,U,633.0,0,PRE 1 PRENSA VIDRIO 26CH -UNIT- U
SER,1,SERRUCHO CHICO -10 U-,100,22.2615,U,634.0,0,SER 1 SERRUCHO CHICO -10 U- U
TOR,1,CAJA TORNILLOS 14 X 10,5,13.8515,U,635.0,0,TOR 1 CAJA TORNILLOS 14 X 10 U
TOR,2,CAJA TORNILLOS 16 X 13,1,16.6218,U,636.0,0,TOR 2 CAJA TORNILLOS 16 X 13 U
TOR,3,CAJA TORNILLOS 18 X 13,2,19.3922,U,637.0,0,TOR 3 CAJA TORNILLOS 18 X 13 U
CIN,1,"CINTA ENGOMADA DE 1""",4,106.9617,U,638.0,0,"CIN 1 CINTA ENGOMADA DE 1"" U"
CIN,2,"CINTA ENGOMADA DE 1.5""",5,133.7023,U,639.0,0,"CIN 2 CINTA ENGOMADA DE 1.5"" U"
CIN,3,"CINTA ENGOMADA DE 2""",6,166.6821,U,640.0,0,"CIN 3 CINTA ENGOMADA DE 2"" U"
CIN,4,"CINTA ENGOMADA DE 3""",4,258.4103,U,641.0,0,"CIN 4 CINTA ENGOMADA DE 3"" U"
CIN,5,"CINTA ENGOMADA DE 4""","6,000000954",308.3581,U,642.0,0,"CIN 5 CINTA ENGOMADA DE 4"" U"
TAN,1237 001,L 20 X 35 RECTA -KIRI-,"-0,579974234",270.6379,L,649.0,0,TAN 1237 001 L 20 X 35 RECTA -KIRI- L
TM,6523 001,RAMPA 65X23 KIRI,0,74.2703,L,661.0,0,TM 6523 001 RAMPA 65X23 KIRI L
TM,3518 001,INVERTIDA 35X18 KIRI,0,32.2747,L,662.0,0,TM 3518 001 INVERTIDA 35X18 KIRI L
TM,5025 001,INVERTIDA 50X25 KIRI,0,50.469,L,663.0,0,TM 5025 001 INVERTIDA 50X25 KIRI L
TM,3518 001,INCLINADA 35X18 KIRI,0,32.2747,L,664.0,0,TM 3518 001 INCLINADA 35X18 KIRI L
TM,5025 001,INCLINADA 50X25 KIRI,0,50.469,L,665.0,0,TM 5025 001 INCLINADA 50X25 KIRI L
TM,7025 001,INCLINADA 70X25 KIRI,0,72.8999,L,666.0,0,TM 7025 001 INCLINADA 70X25 KIRI L
TM,1515 001,CHATA 15X15 KIRI,0,10.2189,L,667.0,0,TM 1515 001 CHATA 15X15 KIRI L
TM,1520 001,L 15X20 KIRI,0,14.0822,L,668.0,0,TM 1520 001 L 15X20 KIRI L
TM,2020 001,CHATA 20X20 KIRI,0,15.4528,L,669.0,0,TM 2020 001 CHATA 20X20 KIRI L
TM,2035 001,L 20X35 KIRI,0,28.0383,L,670.0,0,TM 2035 001 L 20X35 KIRI L
TM,3020 001,CHATA 30X20 MARUPA,0,41.3732,L,671.0,0,TM 3020 001 CHATA 30X20 MARUPA L
TM,4020 001,CHATA 40X20 KIRI,"-0,569997013",57.7906,L,672.0,0,TM 4020 001 CHATA 40X20 KIRI L
TM,3535 001,L 35X35 KIRI,"-15,22000027",50.469,L,673.0,0,TM 3535 001 L 35X35 KIRI L
TM,6020 001,L 20X60 KIRI,0,49.7213,L,674.0,0,TM 6020 001 L 20X60 KIRI L
TM,6035 001,L 35X60 KIRI,"-7,800001621",385.8652,L,675.0,0,TM 6035 001 L 35X60 KIRI L
PPE,040,ARENA,99,391.0,P,697.0,"0,699999988",PPE 040 ARENA P
PPE,015,BRONCE,"88,3500061",309.6015,P,698.0,"0,699999988",PPE 015 BRONCE P
PPE,057,HUESO,999,391.0,P,701.0,"0,699999988",PPE 057 HUESO P
SER,2,SERRUCHO GRANDE -10 UNID-,500,32.1555,U,702.0,0,SER 2 SERRUCHO GRANDE -10 UNID- U
PPA,033,SEQUOIA,"92,88000488",2850.0,P,705.0,"0,699999988",PPA 033 SEQUOIA P
PPT,005,MARFIL,"-33,20000076",42.6628,P,706.0,"0,699999988",PPT 005 MARFIL P
PPA,105=056,TIZA,"84,90996552",2850.0,P,707.0,"0,75",PPA 105=056 TIZA P
PPA,103,NIEVE,"83,95000458",2850.0,P,708.0,"0,699999988",PPA 103 NIEVE P
PPA,126,LIGHT IVORY,"27,78999329",2850.0,P,709.0,"0,699999988",PPA 126 LIGHT IVORY P
PPA,114=048,HABANO,"65,11003113",2850.0,P,710.0,"0,699999988",PPA 114=048 HABANO P
PPA,118,VERDE MOSS,"78,66000366",2850.0,P,711.0,"0,699999988",PPA 118 VERDE MOSS P
PPA,113=025,BRUMA,"68,36999512",2850.0,P,712.0,"0,699999988",PPA 113=025 BRUMA P
PPA,128=078,AZUL NOCHE,"73,61001587",2850.0,P,713.0,"0,699999988",PPA 128=078 AZUL NOCHE P
PIE,2,PIE PORT. 20X25,45,116.1574,U,716.0,0,PIE 2 PIE PORT. 20X25 U
PIE,4,PIE PORT. 13X18 (2.5),9,72.9113,U,718.0,0,PIE 4 PIE PORT. 13X18 (2.5) U
PPA,110=064,KRAFT,"61,02001953",2850.0,P,721.0,"0,699999988",PPA 110=064 KRAFT P
PPA,111,IVORY,"52,41998672",2850.0,P,723.0,"0,699999988",PPA 111 IVORY P
PPA,038,PLATA,-2,2850.0,P,724.0,"0,699999988",PPA 038 PLATA P
PPA,120=102,LIGHT MOSS,"72,20001221",2850.0,P,725.0,"0,699999988",PPA 120=102 LIGHT MOSS P
PPA,108=016,BLACK,"77,44001007",2850.0,P,726.0,"0,699999988",PPA 108=016 BLACK P
PPA,127=75,INDIGO,92,2850.0,P,727.0,"0,699999988",PPA 127=75 INDIGO P
PPA,117,ARRAYAN,"-32,67999649",2850.0,P,728.0,"0,699999988",PPA 117 ARRAYAN P
PPA,112=061,SELVA,"95,96000671",2850.0,P,729.0,"0,699999988",PPA 112=061 SELVA P
PPA,116,CREAM,"7,5",2850.0,P,730.0,"0,699999988",PPA 116 CREAM P
POL,000 000,POLICARBONATO 2MM COMPACTO,0,494.6991,S,731.0,0,POL 000 000 POLICARBONATO 2MM COMPACTO S
PPE,008,PETROLEO,"38,32004547",391.0,P,735.0,"0,699999988",PPE 008 PETROLEO P
TM,4530 001,BOMBE 4530 GUST KIRI,"2,279999733",76.0364,L,737.0,0,TM 4530 001 BOMBE 4530 GUST KIRI L
PPA,104,BLANCO,"50,76998901",2850.0,P,740.0,"0,699999988",PPA 104 BLANCO P
PPE,056,BRUMA,"72,40999603",391.0,P,743.0,"0,699999988",PPE 056 BRUMA P
PPA,00T,TIZA,"19,74998474",2850.0,P,745.0,"0,699999988",PPA 00T TIZA P
PPE,053,UVA,"58,41997147",391.0,P,746.0,"0,699999988",PPE 053 UVA P
PPE,001,GRIS PERLA,"85,34999847",309.6015,P,747.0,"0,699999988",PPE 001 GRIS PERLA P
PPE,052,LAVANDA,"96,43000031",309.6015,P,748.0,"0,699999988",PPE 052 LAVANDA P
PPE,061,VITREA,"75,48000336",391.0,P,749.0,"0,699999988",PPE 061 VITREA P
TM,2045 001,L 20X45 KIRI,"12,35999966",44.8008,L,750.0,0,TM 2045 001 L 20X45 KIRI L
PPE,054,CALA,"33,2599678",391.0,P,751.0,"0,699999988",PPE 054 CALA P
PPE,059,TUCAN,"95,69998932",391.0,P,752.0,"0,699999988",PPE 059 TUCAN P
TAN,1207 001,ELE ESPACIAL K. 40 X 40,"2,509998798",348.5878,L,754.0,0,TAN 1207 001 ELE ESPACIAL K. 40 X 40 L
TAN,314 012,FILETE C/GARGANTA T. EN HOJA,"-2,569999695",242.4381,L,755.0,0,TAN 314 012 FILETE C/GARGANTA T. EN HOJA L
TM,4520 001,45X20 SHIP,"-0,469999999",38.1261,L,756.0,0,TM 4520 001 45X20 SHIP L
SUR,2220 001,ELE 20X35 FINGER NATURAL PF 71000,"-1,799999118",16.1923,L,760.0,0,SUR 2220 001 ELE 20X35 FINGER NATURAL PF 71000 L
SUR,2195 001,PECHO PALOMA NAT 50X25 PF 48000,"0,430000663",20.8703,L,761.0,0,SUR 2195 001 PECHO PALOMA NAT 50X25 PF 48000 L
SUR,2194 001,USA 45X30 CRUDA MOLDURADA PF 19000,"3,979999781",20.8703,L,762.0,0,SUR 2194 001 USA 45X30 CRUDA MOLDURADA PF 19000 L
PIE,1,PIE PORT. 20X30,7,127.7732,U,763.0,0,PIE 1 PIE PORT. 20X30 U
PIE,3,PIE PORT. 15X21,36,92.9261,U,764.0,0,PIE 3 PIE PORT. 15X21 U
PIE,5,PIE PORT. 10X15,48,67.0136,U,765.0,0,PIE 5 PIE PORT. 10X15 U
PPE,038,AFRICANO,"30,00999832",309.5396,P,779.0,"0,699999988",PPE 038 AFRICANO P
PPE,058,OXIDO,"45,65000534",309.5396,P,781.0,"0,699999988",PPE 058 OXIDO P
PPE,010,TOPO,"90,36997986",309.6974,P,782.0,"0,699999988",PPE 010 TOPO P
IRI,Q602,CHATA 30X30 GRUESA PINO,"-4,040008068",258.964,L,786.0,0,IRI Q602 CHATA 30X30 GRUESA PINO L
IRI,Q501A,BOMBE 20X14 GRABADA PINO,"9,650000572",93.8316,L,787.0,0,IRI Q501A BOMBE 20X14 GRABADA PINO L
IRI,Q602M,CHATA 30X30 GRUESA MARUPA,"1,199999928",499.3612,L,791.0,0,IRI Q602M CHATA 30X30 GRUESA MARUPA L
IRI,Q546,L 20X35 PINO CLEAR NATURAL,"15,24999714",186.8231,L,793.0,0,IRI Q546 L 20X35 PINO CLEAR NATURAL L
,,,,,,,,
EUC,ALIPTO,EUCALIPTO ARMADERA,"99,90000153",194.925,L,833.0,0,EUC ALIPTO EUCALIPTO ARMADERA L
EUC,ALIPTO,"EUCALIPTO 6,5 RUTEADO PARA BASTIDOR","99,98999786",194.925,L,834.0,0,"EUC ALIPTO EUCALIPTO 6,5 RUTEADO PARA BASTIDOR L"
ALA,MO,ALAMO 2 X 1 PULGADAS PARA BASTIDOR,"999,9000244",200.0,L,835.0,0,ALA MO ALAMO 2 X 1 PULGADAS PARA BASTIDOR L
LIE,NZO,PARA BASTIDOR (ENGRAMPADO),"99,90000153",259.9,S,836.0,0,LIE NZO PARA BASTIDOR (ENGRAMPADO) S
EUC,0001,"EUCALIPTO ARMADERAS 6,3 X 2 CM",100,194.925,L,837.0,0,"EUC 0001 EUCALIPTO ARMADERAS 6,3 X 2 CM L"
AL,000,LUSTRE PARA MADERA,"99,98999786",71.4725,S,839.0,0,AL 000 LUSTRE PARA MADERA S
LAM,INA, 000 LAMINAS,"999,9899902",2079.2,S,840.0,0,LAM INA  000 LAMINAS S
ENT,ELADO,BASTIDORES GRAMPAS,"999,9899902",402.5,S,841.0,0,ENT ELADO BASTIDORES GRAMPAS S
ESP,...,ESPEJO 4 MM,"55,5",5420.0,S,856.0,0,ESP ... ESPEJO 4 MM S
PPA,AAA,AAA,200,2850.0,L,864.0,0,PPA AAA AAA L
PPA,055,PIEL,0,2850.0,P,865.0,0,PPA 055 PIEL P
PPA,015,BRONCE,0,2850.0,P,866.0,0,PPA 015 BRONCE P
PPA,000,MARFIL,"999,9899902",2850.0,P,867.0,"0,699999988",PPA 000 MARFIL P
AAA,AAA,AAA,0,0.0,L,868.0,0,AAA AAA AAA L
AAA,PRUEBA,PRUEBA,0,1000.0,L,1801.0,0,AAA PRUEBA PRUEBA
PRUEBA,PRUEBA,PRUEBA,0,15000.0,P,1802.0,0,PRUEBA PRUEBA PRUEBA
PRUEBA,PRUEBA2,PRUEBA,0,10000.0,P,1803.0,0,PRUEBA PRUEBA2 PRUEBA
PRUEBA,PRUEBA3,PRUEBA 3,0,10000.0,P,1804.0,0,PRUEBA PRUEBA3 PRUEBA 3
PRUEBA,4000,PRUEBA,0,5000,L,1805.0,0,PRUEBA 4000 PRUEBA
